0033.gif,https://www.dropbox.com/s/b7c7a2pez9jocan/0033.gif?dl=1
0027.gif,https://www.dropbox.com/s/av2ieo7z3vbxqf1/0027.gif?dl=1
0026.gif,https://www.dropbox.com/s/qtfrdahjmxuc429/0026.gif?dl=1
0032.gif,https://www.dropbox.com/s/2cina1tb7s78vee/0032.gif?dl=1
0024.gif,https://www.dropbox.com/s/4cey07j79bkk9a3/0024.gif?dl=1
0030.gif,https://www.dropbox.com/s/7xk65a37hzsu67z/0030.gif?dl=1
0018.gif,https://www.dropbox.com/s/pkq5nmmrwa9piuv/0018.gif?dl=1
0019.gif,https://www.dropbox.com/s/pm76fl26ffjs9u7/0019.gif?dl=1
0031.gif,https://www.dropbox.com/s/egy5gkmqck0uywe/0031.gif?dl=1
0025.gif,https://www.dropbox.com/s/dix4xfo5om7hw9k/0025.gif?dl=1
0009.gif,https://www.dropbox.com/s/h3xeg8k9qi1qpnh/0009.gif?dl=1
0021.gif,https://www.dropbox.com/s/duvlzoxf3m2lfmf/0021.gif?dl=1
0035.gif,https://www.dropbox.com/s/bwkwi8bf5o7zhl1/0035.gif?dl=1
0034.gif,https://www.dropbox.com/s/5axmpl1322e0uoo/0034.gif?dl=1
0020.gif,https://www.dropbox.com/s/70x9fkvn7avism6/0020.gif?dl=1
0008.gif,https://www.dropbox.com/s/gj1d0ty0xf6595x/0008.gif?dl=1
0036.gif,https://www.dropbox.com/s/gjdmtc054i5o627/0036.gif?dl=1
0022.gif,https://www.dropbox.com/s/rlhh2oygv484ouo/0022.gif?dl=1
0023.gif,https://www.dropbox.com/s/x7h9kyq6ng14a7z/0023.gif?dl=1
0037.gif,https://www.dropbox.com/s/7hqep9er4g9u31d/0037.gif?dl=1
0050.gif,https://www.dropbox.com/s/4yozw9ny0r6evej/0050.gif?dl=1
0044.gif,https://www.dropbox.com/s/uwwoo2vqfj13fuu/0044.gif?dl=1
0078.gif,https://www.dropbox.com/s/9j7p5vg5c8348k2/0078.gif?dl=1
0093.gif,https://www.dropbox.com/s/rwpdbcvnelfkq4h/0093.gif?dl=1
0087.gif,https://www.dropbox.com/s/an1y612clzul7zs/0087.gif?dl=1
0086.gif,https://www.dropbox.com/s/v752z2l0xfzlwai/0086.gif?dl=1
0092.gif,https://www.dropbox.com/s/koirfg0cs0y1ezz/0092.gif?dl=1
0079.gif,https://www.dropbox.com/s/qq5kr787nw02izi/0079.gif?dl=1
0045.gif,https://www.dropbox.com/s/tuteyffbnn5d77u/0045.gif?dl=1
0051.gif,https://www.dropbox.com/s/mhj6bbcp4fo1dkc/0051.gif?dl=1
0047.gif,https://www.dropbox.com/s/21rcu17blln09dj/0047.gif?dl=1
0053.gif,https://www.dropbox.com/s/8x0p459fv1732id/0053.gif?dl=1
0084.gif,https://www.dropbox.com/s/jvx0ho84y7eoli9/0084.gif?dl=1
0090.gif,https://www.dropbox.com/s/v7oj7qkeccezw9y/0090.gif?dl=1
0091.gif,https://www.dropbox.com/s/bf0a7fgarhylimj/0091.gif?dl=1
0085.gif,https://www.dropbox.com/s/67df67my22dr3gp/0085.gif?dl=1
0052.gif,https://www.dropbox.com/s/u0rt585caz2gdo5/0052.gif?dl=1
0046.gif,https://www.dropbox.com/s/rmkikbja8zd6by7/0046.gif?dl=1
0042.gif,https://www.dropbox.com/s/4vvfj70ck4ifhy9/0042.gif?dl=1
0056.gif,https://www.dropbox.com/s/5z4uby905q2biin/0056.gif?dl=1
0081.gif,https://www.dropbox.com/s/5qzas07vv3f6i1b/0081.gif?dl=1
0095.gif,https://www.dropbox.com/s/1fwjjwlj97yly86/0095.gif?dl=1
0094.gif,https://www.dropbox.com/s/n3amo5h9tm7dxih/0094.gif?dl=1
0080.gif,https://www.dropbox.com/s/loc30yyj2bjntn6/0080.gif?dl=1
0057.gif,https://www.dropbox.com/s/3d0lphnpd9j2tth/0057.gif?dl=1
0043.gif,https://www.dropbox.com/s/jy309eehuszfhkn/0043.gif?dl=1
0069.gif,https://www.dropbox.com/s/6aml2cq7jxm9okv/0069.gif?dl=1
0055.gif,https://www.dropbox.com/s/jiz0ua5kg7s5szc/0055.gif?dl=1
0041.gif,https://www.dropbox.com/s/xbwjsnuyxrp0ret/0041.gif?dl=1
0096.gif,https://www.dropbox.com/s/m9vu43xfkhbt86u/0096.gif?dl=1
0082.gif,https://www.dropbox.com/s/i24kl2y3kgtruv6/0082.gif?dl=1
0083.gif,https://www.dropbox.com/s/0oww4gldk3kgj98/0083.gif?dl=1
0097.gif,https://www.dropbox.com/s/08ci53ga16j5j2t/0097.gif?dl=1
0040.gif,https://www.dropbox.com/s/g3jjre9sgrvnhe6/0040.gif?dl=1
0054.gif,https://www.dropbox.com/s/ggdx7dg9vyzl9g9/0054.gif?dl=1
0068.gif,https://www.dropbox.com/s/crehsqeyne4cnxw/0068.gif?dl=1
0071.gif,https://www.dropbox.com/s/8inmu15kczejnhl/0071.gif?dl=1
0065.gif,https://www.dropbox.com/s/5bsoex362zuubv9/0065.gif?dl=1
0059.gif,https://www.dropbox.com/s/jk48zr9vxnimto5/0059.gif?dl=1
0058.gif,https://www.dropbox.com/s/whlmv0hsmsuvcyt/0058.gif?dl=1
0064.gif,https://www.dropbox.com/s/auu3tf1bfcw0w84/0064.gif?dl=1
0070.gif,https://www.dropbox.com/s/mwsu4jzr6nfcbiq/0070.gif?dl=1
0066.gif,https://www.dropbox.com/s/ljgvf0f21px3oga/0066.gif?dl=1
0072.gif,https://www.dropbox.com/s/fw38gua7oidqlg4/0072.gif?dl=1
0099.gif,https://www.dropbox.com/s/tuj0mlzjuqr50wh/0099.gif?dl=1
0098.gif,https://www.dropbox.com/s/lnypb8bji8htq76/0098.gif?dl=1
0073.gif,https://www.dropbox.com/s/dplku2uq9ji0uw2/0073.gif?dl=1
0067.gif,https://www.dropbox.com/s/q3vq3eu9ko0ltfh/0067.gif?dl=1
0063.gif,https://www.dropbox.com/s/9mlt98psmqqbx8o/0063.gif?dl=1
0077.gif,https://www.dropbox.com/s/580a4s3w89j45ll/0077.gif?dl=1
0088.gif,https://www.dropbox.com/s/5eofcbn2hxhhis1/0088.gif?dl=1
0089.gif,https://www.dropbox.com/s/f1599vdw793fqvl/0089.gif?dl=1
0076.gif,https://www.dropbox.com/s/z2vwhe9zxypeiu1/0076.gif?dl=1
0062.gif,https://www.dropbox.com/s/2e5ynqh515w0kyx/0062.gif?dl=1
0048.gif,https://www.dropbox.com/s/ynjsvc2vqs60d64/0048.gif?dl=1
0074.gif,https://www.dropbox.com/s/0qm72fbw8746i62/0074.gif?dl=1
0060.gif,https://www.dropbox.com/s/qbj1kawmxuez9u4/0060.gif?dl=1
0100.gif,https://www.dropbox.com/s/tvxc4oewj7cpfxj/0100.gif?dl=1
0061.gif,https://www.dropbox.com/s/ziuwf1jgfd0qqwl/0061.gif?dl=1
0075.gif,https://www.dropbox.com/s/nl951930nqedw1p/0075.gif?dl=1
0049.gif,https://www.dropbox.com/s/tyfu2rlkbvyhp1f/0049.gif?dl=1
0012.gif,https://www.dropbox.com/s/5q2mt1mcbwcigem/0012.gif?dl=1
0006.gif,https://www.dropbox.com/s/cz6olkgfo7p8pul/0006.gif?dl=1
0007.gif,https://www.dropbox.com/s/qk5e2slw4lj6ujw/0007.gif?dl=1
0013.gif,https://www.dropbox.com/s/64zxftwedtm1r7q/0013.gif?dl=1
0005.gif,https://www.dropbox.com/s/jhe4m95gz8jp3ee/0005.gif?dl=1
0011.gif,https://www.dropbox.com/s/gldipqxa2c6gv0b/0011.gif?dl=1
0039.gif,https://www.dropbox.com/s/m2u1f0k68ws1b4r/0039.gif?dl=1
0038.gif,https://www.dropbox.com/s/sn7bdouwdwrffft/0038.gif?dl=1
0010.gif,https://www.dropbox.com/s/cuvgpujxjqoj4ll/0010.gif?dl=1
0004.gif,https://www.dropbox.com/s/glob1ah7l2g1456/0004.gif?dl=1
0028.gif,https://www.dropbox.com/s/3y964hpwh5b1owa/0028.gif?dl=1
0014.gif,https://www.dropbox.com/s/ze035ndiqrk3ciy/0014.gif?dl=1
0015.gif,https://www.dropbox.com/s/n83s2sa11xi9f7r/0015.gif?dl=1
0001.gif,https://www.dropbox.com/s/l919548ppu752av/0001.gif?dl=1
0029.gif,https://www.dropbox.com/s/12gfmtelfvf976f/0029.gif?dl=1
0017.gif,https://www.dropbox.com/s/rps53efpx1z6b58/0017.gif?dl=1
0003.gif,https://www.dropbox.com/s/b6v59aes3vu77fr/0003.gif?dl=1
0002.gif,https://www.dropbox.com/s/om72p5z5cyz2ogt/0002.gif?dl=1
0016.gif,https://www.dropbox.com/s/ckem31rsty8s20d/0016.gif?dl=1
0118.gif,https://www.dropbox.com/s/w1uea7bbsa9m6av/0118.gif?dl=1
0119.gif,https://www.dropbox.com/s/kacxo7td268yfwh/0119.gif?dl=1
0122.gif,https://www.dropbox.com/s/fyjmm75un7b8eta/0122.gif?dl=1
0109.gif,https://www.dropbox.com/s/fsful4duqc95xbk/0109.gif?dl=1
0121.gif,https://www.dropbox.com/s/p9qep21d3j9bkx6/0121.gif?dl=1
0120.gif,https://www.dropbox.com/s/n231yikjr22f57i/0120.gif?dl=1
0108.gif,https://www.dropbox.com/s/tcqi293s28xwzit/0108.gif?dl=1
0105.gif,https://www.dropbox.com/s/x5xur2hcyzirzs7/0105.gif?dl=1
0111.gif,https://www.dropbox.com/s/lv5x9yje8xpukz6/0111.gif?dl=1
0110.gif,https://www.dropbox.com/s/mplamn4qyja0b3g/0110.gif?dl=1
0104.gif,https://www.dropbox.com/s/w358mdqrr79iw8j/0104.gif?dl=1
0112.gif,https://www.dropbox.com/s/g4mtltm8u9z0xf3/0112.gif?dl=1
0106.gif,https://www.dropbox.com/s/9pui2v83vnpgoqm/0106.gif?dl=1
0107.gif,https://www.dropbox.com/s/7ktitpo2vki95lr/0107.gif?dl=1
0113.gif,https://www.dropbox.com/s/n7ghz7xc8v2xw5v/0113.gif?dl=1
0117.gif,https://www.dropbox.com/s/39b5gzgelldk80i/0117.gif?dl=1
0103.gif,https://www.dropbox.com/s/6aw44v7pt72xg9v/0103.gif?dl=1
0102.gif,https://www.dropbox.com/s/jmejy1deqfsknfj/0102.gif?dl=1
0116.gif,https://www.dropbox.com/s/yqjbnw52ssztw80/0116.gif?dl=1
0114.gif,https://www.dropbox.com/s/vwwzxj5vnqegovw/0114.gif?dl=1
0115.gif,https://www.dropbox.com/s/nxkbyaovnny6n1o/0115.gif?dl=1
0101.gif,https://www.dropbox.com/s/vmichupkwplo63l/0101.gif?dl=1
