0065.png,https://www.dropbox.com/s/qfanb578nx3qk3g/0065.png?dl=1
0071.png,https://www.dropbox.com/s/yqvga53bec737dl/0071.png?dl=1
0059.png,https://www.dropbox.com/s/w2mckcqw8wvo51e/0059.png?dl=1
0111.png,https://www.dropbox.com/s/8yvjgymvkugqaqn/0111.png?dl=1
0105.png,https://www.dropbox.com/s/ju1iapowndr12n6/0105.png?dl=1
0139.png,https://www.dropbox.com/s/70h7zskc5tamdkh/0139.png?dl=1
0138.png,https://www.dropbox.com/s/ubtyghj3xbcnieq/0138.png?dl=1
0104.png,https://www.dropbox.com/s/n2dy5mypc8osq3u/0104.png?dl=1
0110.png,https://www.dropbox.com/s/xg9fb9co2yqpqr2/0110.png?dl=1
0058.png,https://www.dropbox.com/s/bdd2x6gr47cbaml/0058.png?dl=1
0070.png,https://www.dropbox.com/s/ay8314uvxg3dkh3/0070.png?dl=1
0064.png,https://www.dropbox.com/s/c418lo8dda6u3p3/0064.png?dl=1
0099.png,https://www.dropbox.com/s/snsxgwkaxvt34iu/0099.png?dl=1
0072.png,https://www.dropbox.com/s/b4klzx26shvmn92/0072.png?dl=1
0066.png,https://www.dropbox.com/s/8nh1eaoefafagc2/0066.png?dl=1
0106.png,https://www.dropbox.com/s/squz9jls7ek1j0h/0106.png?dl=1
0112.png,https://www.dropbox.com/s/r2noq60d6px8tta/0112.png?dl=1
0113.png,https://www.dropbox.com/s/05vax13c2w95rr0/0113.png?dl=1
0107.png,https://www.dropbox.com/s/7vdp7k8khegxg08/0107.png?dl=1
0067.png,https://www.dropbox.com/s/i8o83pegs9e8y7g/0067.png?dl=1
0073.png,https://www.dropbox.com/s/2sje700jo5jw7ea/0073.png?dl=1
0098.png,https://www.dropbox.com/s/li5mbnmnhe2u9a0/0098.png?dl=1
0088.png,https://www.dropbox.com/s/xu8k6412mlkjio5/0088.png?dl=1
0077.png,https://www.dropbox.com/s/cqcln26jrj0ccsy/0077.png?dl=1
0063.png,https://www.dropbox.com/s/8428stanihqb64u/0063.png?dl=1
0103.png,https://www.dropbox.com/s/qp8xi7pqsdnt8yg/0103.png?dl=1
0117.png,https://www.dropbox.com/s/qsv1xvbw4gomd7e/0117.png?dl=1
0116.png,https://www.dropbox.com/s/wb2s4lp0hs5ceyr/0116.png?dl=1
0102.png,https://www.dropbox.com/s/grfsm90srfshbkr/0102.png?dl=1
0062.png,https://www.dropbox.com/s/3lvuse0nx35ouf9/0062.png?dl=1
0076.png,https://www.dropbox.com/s/12kka0872xk0124/0076.png?dl=1
0089.png,https://www.dropbox.com/s/j64nixw3zd1zr58/0089.png?dl=1
0048.png,https://www.dropbox.com/s/vk9rbbib5elude0/0048.png?dl=1
0060.png,https://www.dropbox.com/s/l7bht2q9czg0jsy/0060.png?dl=1
0074.png,https://www.dropbox.com/s/1l0f1vbpapyl9zh/0074.png?dl=1
0128.png,https://www.dropbox.com/s/e992jnup7vz4pgd/0128.png?dl=1
0114.png,https://www.dropbox.com/s/goltwhasblesvq2/0114.png?dl=1
0100.png,https://www.dropbox.com/s/hiez8ofiazyothu/0100.png?dl=1
0101.png,https://www.dropbox.com/s/ro477edo8rot8ka/0101.png?dl=1
0115.png,https://www.dropbox.com/s/2fkbsifmjh42mca/0115.png?dl=1
0129.png,https://www.dropbox.com/s/ooxybsicg74art7/0129.png?dl=1
0075.png,https://www.dropbox.com/s/u15g5gu7z40amwy/0075.png?dl=1
0061.png,https://www.dropbox.com/s/ewswef5yqalgtwm/0061.png?dl=1
0049.png,https://www.dropbox.com/s/0z727xyerhjx146/0049.png?dl=1
0006.png,https://www.dropbox.com/s/9avmz97uj6xr9m8/0006.png?dl=1
0012.png,https://www.dropbox.com/s/kgwtqmete067q37/0012.png?dl=1
0013.png,https://www.dropbox.com/s/eclwhu76wzlqfhp/0013.png?dl=1
0007.png,https://www.dropbox.com/s/82fccbgbd2w9n6m/0007.png?dl=1
0011.png,https://www.dropbox.com/s/95vh073fvt1akix/0011.png?dl=1
0005.png,https://www.dropbox.com/s/po8uuh1e2hxfjm6/0005.png?dl=1
0039.png,https://www.dropbox.com/s/pyn574vvg3bwb47/0039.png?dl=1
0038.png,https://www.dropbox.com/s/qbvxkf9phs1wvmp/0038.png?dl=1
0004.png,https://www.dropbox.com/s/qe8p3czsp22pq2d/0004.png?dl=1
0010.png,https://www.dropbox.com/s/d1gi5i46oavywet/0010.png?dl=1
0028.png,https://www.dropbox.com/s/fisa94i1j350ch6/0028.png?dl=1
0014.png,https://www.dropbox.com/s/fnhl2efi5sj7ni8/0014.png?dl=1
0001.png,https://www.dropbox.com/s/rocvfwah723puh9/0001.png?dl=1
0015.png,https://www.dropbox.com/s/yba24gpst9n3kxl/0015.png?dl=1
0029.png,https://www.dropbox.com/s/deud0oian5iedb4/0029.png?dl=1
0003.png,https://www.dropbox.com/s/o9ja3wvk7zodrty/0003.png?dl=1
0017.png,https://www.dropbox.com/s/wyin60bnu6nnyjk/0017.png?dl=1
0016.png,https://www.dropbox.com/s/s26o1ooimg1poqa/0016.png?dl=1
0002.png,https://www.dropbox.com/s/8d2idl3elrwhyjk/0002.png?dl=1
0027.png,https://www.dropbox.com/s/buabh5fdvrtnqa2/0027.png?dl=1
0033.png,https://www.dropbox.com/s/qqozcvxbpymgdg7/0033.png?dl=1
0032.png,https://www.dropbox.com/s/sgzqv6sk13s5ivq/0032.png?dl=1
0026.png,https://www.dropbox.com/s/g074vnmfs1ix7og/0026.png?dl=1
0030.png,https://www.dropbox.com/s/dfz4ah4pt7bw41b/0030.png?dl=1
0024.png,https://www.dropbox.com/s/v687n5ytme9yqj9/0024.png?dl=1
0018.png,https://www.dropbox.com/s/yxv0j2kbqbzpna7/0018.png?dl=1
0019.png,https://www.dropbox.com/s/qaksexf41ho44qb/0019.png?dl=1
0025.png,https://www.dropbox.com/s/ktm9u2s19pugpa7/0025.png?dl=1
0031.png,https://www.dropbox.com/s/f3ogiv0j4ip6t1a/0031.png?dl=1
0009.png,https://www.dropbox.com/s/nwht6qskvm3nbth/0009.png?dl=1
0035.png,https://www.dropbox.com/s/6jr7irrjakt7bxl/0035.png?dl=1
0021.png,https://www.dropbox.com/s/b9k4f8ys9uzgcy1/0021.png?dl=1
0141.png,https://www.dropbox.com/s/vznil7ridvzxtm8/0141.png?dl=1
0140.png,https://www.dropbox.com/s/z7npju0fokbwuvk/0140.png?dl=1
0020.png,https://www.dropbox.com/s/6lsc5y6nbo2j9km/0020.png?dl=1
0034.png,https://www.dropbox.com/s/rpunj7jwuhyrq0p/0034.png?dl=1
0008.png,https://www.dropbox.com/s/9ghgf8spn2jsxxy/0008.png?dl=1
0022.png,https://www.dropbox.com/s/bjrmrlj2ffzu5xf/0022.png?dl=1
0036.png,https://www.dropbox.com/s/d2ur93za6l1a890/0036.png?dl=1
0142.png,https://www.dropbox.com/s/a1zd78pqn1rfqob/0142.png?dl=1
0143.png,https://www.dropbox.com/s/axc3spzkl89hk6m/0143.png?dl=1
0037.png,https://www.dropbox.com/s/iyj5qgxsj2bee61/0037.png?dl=1
0023.png,https://www.dropbox.com/s/dud6qq9smfi73iy/0023.png?dl=1
0087.png,https://www.dropbox.com/s/vxxsyy0oofcxdxg/0087.png?dl=1
0093.png,https://www.dropbox.com/s/v3xzc461r49tmpj/0093.png?dl=1
0044.png,https://www.dropbox.com/s/644f2r2z88ldl0w/0044.png?dl=1
0050.png,https://www.dropbox.com/s/p96a0qn3fffwj9h/0050.png?dl=1
0078.png,https://www.dropbox.com/s/ofnknpp04chq2f8/0078.png?dl=1
0130.png,https://www.dropbox.com/s/ls06y8dvyxs0vg2/0130.png?dl=1
0124.png,https://www.dropbox.com/s/szgidknxa1rpom4/0124.png?dl=1
0118.png,https://www.dropbox.com/s/5evr3u480urfwxc/0118.png?dl=1
0119.png,https://www.dropbox.com/s/pndzdvyt7f4top6/0119.png?dl=1
0125.png,https://www.dropbox.com/s/4xb0t1t8j72sqef/0125.png?dl=1
0131.png,https://www.dropbox.com/s/x4sonpea5dyp7nn/0131.png?dl=1
0079.png,https://www.dropbox.com/s/s9z26qr27fps5ir/0079.png?dl=1
0051.png,https://www.dropbox.com/s/kf16zm3099z5xnc/0051.png?dl=1
0045.png,https://www.dropbox.com/s/xvvg3khlfuzkijr/0045.png?dl=1
0092.png,https://www.dropbox.com/s/dok6x18huecq645/0092.png?dl=1
0086.png,https://www.dropbox.com/s/cvzbdvkzazioniu/0086.png?dl=1
0090.png,https://www.dropbox.com/s/xvljo2vmm8o9k5w/0090.png?dl=1
0084.png,https://www.dropbox.com/s/ftzpy1u0ufe8n55/0084.png?dl=1
0053.png,https://www.dropbox.com/s/du5ne79d9f6hv83/0053.png?dl=1
0047.png,https://www.dropbox.com/s/55k2ookachsrjoi/0047.png?dl=1
0127.png,https://www.dropbox.com/s/9s8tu9wi6yudvn6/0127.png?dl=1
0133.png,https://www.dropbox.com/s/s11lq30ppbrew45/0133.png?dl=1
0132.png,https://www.dropbox.com/s/m3pl4gi2nsk9s9a/0132.png?dl=1
0126.png,https://www.dropbox.com/s/1hz9og9u6pzwmpc/0126.png?dl=1
0046.png,https://www.dropbox.com/s/aq3w6vuukuic42s/0046.png?dl=1
0052.png,https://www.dropbox.com/s/dnrhjmqvux390yt/0052.png?dl=1
0085.png,https://www.dropbox.com/s/ilul12yuimz07qu/0085.png?dl=1
0091.png,https://www.dropbox.com/s/1y6h9bzm8sfnfyk/0091.png?dl=1
0095.png,https://www.dropbox.com/s/2dn7x6kjtbpl383/0095.png?dl=1
0081.png,https://www.dropbox.com/s/t0k6rbqzpuy4pxe/0081.png?dl=1
0056.png,https://www.dropbox.com/s/4yswntjhp1fdgp5/0056.png?dl=1
0042.png,https://www.dropbox.com/s/aumhrfvneomw1q7/0042.png?dl=1
0122.png,https://www.dropbox.com/s/3k7eh8me5zy1676/0122.png?dl=1
0136.png,https://www.dropbox.com/s/ai7wd12t7tj8poe/0136.png?dl=1
0137.png,https://www.dropbox.com/s/cizvlrefkc8snpr/0137.png?dl=1
0123.png,https://www.dropbox.com/s/c6ryxmcmkxixcgo/0123.png?dl=1
0043.png,https://www.dropbox.com/s/ep17s1pilvrygtj/0043.png?dl=1
0057.png,https://www.dropbox.com/s/jk1pnxolrlwsmba/0057.png?dl=1
0080.png,https://www.dropbox.com/s/2swnk7y5k6pql03/0080.png?dl=1
0094.png,https://www.dropbox.com/s/2fao1fpnflnqbc9/0094.png?dl=1
0082.png,https://www.dropbox.com/s/rb31qlb2spl6d9m/0082.png?dl=1
0096.png,https://www.dropbox.com/s/okzrgat40lc84sr/0096.png?dl=1
0069.png,https://www.dropbox.com/s/3rqsh284fg1stxi/0069.png?dl=1
0041.png,https://www.dropbox.com/s/j6qliaq4ev70q43/0041.png?dl=1
0055.png,https://www.dropbox.com/s/y6k5ac9t1wevxm9/0055.png?dl=1
0109.png,https://www.dropbox.com/s/r58jofw1rl9kalq/0109.png?dl=1
0135.png,https://www.dropbox.com/s/mirglbwtsxslfq5/0135.png?dl=1
0121.png,https://www.dropbox.com/s/xsodd9pqy3kshbi/0121.png?dl=1
0120.png,https://www.dropbox.com/s/m7i35xojw3lknpa/0120.png?dl=1
0134.png,https://www.dropbox.com/s/b68hhxqcbumw0pm/0134.png?dl=1
0108.png,https://www.dropbox.com/s/c0z2ah910dx8226/0108.png?dl=1
0054.png,https://www.dropbox.com/s/puy5cfpow57kugs/0054.png?dl=1
0040.png,https://www.dropbox.com/s/wlhcvs4pv6nx3et/0040.png?dl=1
0068.png,https://www.dropbox.com/s/mdqjcacdob349an/0068.png?dl=1
0097.png,https://www.dropbox.com/s/2qk5hw2s2wrci55/0097.png?dl=1
0083.png,https://www.dropbox.com/s/be77ph4q7sk2mst/0083.png?dl=1
