0065.png,https://www.dropbox.com/s/9vjlew4mbanvvce/0065.png?dl=1
0071.png,https://www.dropbox.com/s/c7bg5i2n3a6xbds/0071.png?dl=1
0059.png,https://www.dropbox.com/s/lue2chzdma019ll/0059.png?dl=1
0111.png,https://www.dropbox.com/s/jvzuh6ly7j7uf75/0111.png?dl=1
0105.png,https://www.dropbox.com/s/9ds49c1sjd2p7pl/0105.png?dl=1
0139.png,https://www.dropbox.com/s/k5ko3dc1reazs9e/0139.png?dl=1
0138.png,https://www.dropbox.com/s/iv9rdxg5vfftrjj/0138.png?dl=1
0104.png,https://www.dropbox.com/s/yf2k8mll0hefojl/0104.png?dl=1
0110.png,https://www.dropbox.com/s/i9uwu7wsjvjrsyo/0110.png?dl=1
0058.png,https://www.dropbox.com/s/d3cndf9nrfp7huh/0058.png?dl=1
0070.png,https://www.dropbox.com/s/phtq8lnz72bgl7e/0070.png?dl=1
0064.png,https://www.dropbox.com/s/zm0reefdkldt427/0064.png?dl=1
0099.png,https://www.dropbox.com/s/sy45vdnn0avztvg/0099.png?dl=1
0072.png,https://www.dropbox.com/s/m549afxaqpfqb4x/0072.png?dl=1
0066.png,https://www.dropbox.com/s/epvklhesn89ig8v/0066.png?dl=1
0106.png,https://www.dropbox.com/s/2xqb09qae9gakm6/0106.png?dl=1
0112.png,https://www.dropbox.com/s/hz7m5sioobm42am/0112.png?dl=1
0113.png,https://www.dropbox.com/s/m9eaoi8m9trnsgj/0113.png?dl=1
0107.png,https://www.dropbox.com/s/odqt63o4gluf4ef/0107.png?dl=1
0067.png,https://www.dropbox.com/s/h5vpu75g1j25c9m/0067.png?dl=1
0073.png,https://www.dropbox.com/s/2dkpu9483o7kv6q/0073.png?dl=1
0098.png,https://www.dropbox.com/s/67im0w94zyy07n8/0098.png?dl=1
0088.png,https://www.dropbox.com/s/yp7d4cz59alfwu0/0088.png?dl=1
0077.png,https://www.dropbox.com/s/yhkj2t0zbhwdynm/0077.png?dl=1
0063.png,https://www.dropbox.com/s/3jyxmc0exneshcq/0063.png?dl=1
0103.png,https://www.dropbox.com/s/3hfkkkirrbmoeqy/0103.png?dl=1
0117.png,https://www.dropbox.com/s/7lqh48g63pn4twd/0117.png?dl=1
0116.png,https://www.dropbox.com/s/9op7sa5g9cdkfxk/0116.png?dl=1
0102.png,https://www.dropbox.com/s/m7z8kjtok7n7s8q/0102.png?dl=1
0062.png,https://www.dropbox.com/s/1uaiju2w8561yqn/0062.png?dl=1
0076.png,https://www.dropbox.com/s/9m90x0o73a0j83m/0076.png?dl=1
0089.png,https://www.dropbox.com/s/t2yod3dlbnxb62z/0089.png?dl=1
0048.png,https://www.dropbox.com/s/zrhikh5h4oaoq8q/0048.png?dl=1
0060.png,https://www.dropbox.com/s/ofjb989susf2gg7/0060.png?dl=1
0074.png,https://www.dropbox.com/s/pkz9vpx93dkky0h/0074.png?dl=1
0128.png,https://www.dropbox.com/s/j1yjqahyzh6toy5/0128.png?dl=1
0114.png,https://www.dropbox.com/s/9lyz96fdiw3bzbv/0114.png?dl=1
0100.png,https://www.dropbox.com/s/e2cliznvj2bvr2c/0100.png?dl=1
0101.png,https://www.dropbox.com/s/vrk0qyl95rg14ar/0101.png?dl=1
0115.png,https://www.dropbox.com/s/c4tkq61k6ea0hs5/0115.png?dl=1
0129.png,https://www.dropbox.com/s/vax2kchm23rxe76/0129.png?dl=1
0075.png,https://www.dropbox.com/s/budgzbd39p414im/0075.png?dl=1
0061.png,https://www.dropbox.com/s/jwfiz0prm9cjr9v/0061.png?dl=1
0049.png,https://www.dropbox.com/s/8evh1fedaduakzz/0049.png?dl=1
0006.png,https://www.dropbox.com/s/xyg41r2zev5n4m6/0006.png?dl=1
0012.png,https://www.dropbox.com/s/dn3tto0ta472jmy/0012.png?dl=1
0013.png,https://www.dropbox.com/s/4ubt8c0262v81jg/0013.png?dl=1
0007.png,https://www.dropbox.com/s/d57tbkrtab5meuq/0007.png?dl=1
0011.png,https://www.dropbox.com/s/ala7gn5fcuyjzhx/0011.png?dl=1
0005.png,https://www.dropbox.com/s/91jfnmyq1uxl98j/0005.png?dl=1
0039.png,https://www.dropbox.com/s/agivujekvbglngh/0039.png?dl=1
0038.png,https://www.dropbox.com/s/4k817ls332wj0f4/0038.png?dl=1
0004.png,https://www.dropbox.com/s/ijk3th9rsxsnv94/0004.png?dl=1
0010.png,https://www.dropbox.com/s/bjmrh35phb0sb1y/0010.png?dl=1
0028.png,https://www.dropbox.com/s/qhpmujw0ve3vxfp/0028.png?dl=1
0014.png,https://www.dropbox.com/s/a38pusqzcog7f6j/0014.png?dl=1
0001.png,https://www.dropbox.com/s/6n445o9y6ftjfn8/0001.png?dl=1
0015.png,https://www.dropbox.com/s/sbxcci3hmh0icep/0015.png?dl=1
0029.png,https://www.dropbox.com/s/cmgof4hquh6dk7s/0029.png?dl=1
0003.png,https://www.dropbox.com/s/p12pdi8ssvbis7w/0003.png?dl=1
0017.png,https://www.dropbox.com/s/rm73ld3i96j2j3y/0017.png?dl=1
0016.png,https://www.dropbox.com/s/47p2txxg7cijl3j/0016.png?dl=1
0002.png,https://www.dropbox.com/s/15yz9cg9mpg681k/0002.png?dl=1
0027.png,https://www.dropbox.com/s/4darmm4e7vdr53h/0027.png?dl=1
0033.png,https://www.dropbox.com/s/pmenf5nqr5zglhn/0033.png?dl=1
0032.png,https://www.dropbox.com/s/7tgpl9jwqoz2gvp/0032.png?dl=1
0026.png,https://www.dropbox.com/s/u38mvaahbqxvqdg/0026.png?dl=1
0030.png,https://www.dropbox.com/s/xourugzkhxshv8a/0030.png?dl=1
0024.png,https://www.dropbox.com/s/8x4x16ecoi8dfpy/0024.png?dl=1
0018.png,https://www.dropbox.com/s/1vfautawzflgjr0/0018.png?dl=1
0019.png,https://www.dropbox.com/s/c3yqke6uuqfxsc5/0019.png?dl=1
0025.png,https://www.dropbox.com/s/d81lzzqzum8yz17/0025.png?dl=1
0031.png,https://www.dropbox.com/s/ct6l55hby9hw7of/0031.png?dl=1
0009.png,https://www.dropbox.com/s/y2yf2eixbnzwev1/0009.png?dl=1
0035.png,https://www.dropbox.com/s/7xssua8it6c248z/0035.png?dl=1
0021.png,https://www.dropbox.com/s/b176553lif2oh8o/0021.png?dl=1
0141.png,https://www.dropbox.com/s/thlnuejnc1hxt3x/0141.png?dl=1
0140.png,https://www.dropbox.com/s/anbdalh114i7kb7/0140.png?dl=1
0020.png,https://www.dropbox.com/s/cm93x7o29ruf0s6/0020.png?dl=1
0034.png,https://www.dropbox.com/s/6tszf6he3bunsg5/0034.png?dl=1
0008.png,https://www.dropbox.com/s/y6pbar5075v4vsi/0008.png?dl=1
0022.png,https://www.dropbox.com/s/ptcaifas87msjhg/0022.png?dl=1
0036.png,https://www.dropbox.com/s/r9dv5233w4vx7pp/0036.png?dl=1
0142.png,https://www.dropbox.com/s/qhs6vp00o2r2pnt/0142.png?dl=1
0143.png,https://www.dropbox.com/s/b1s8esojb4q6mv5/0143.png?dl=1
0037.png,https://www.dropbox.com/s/vzki9ru11x2beny/0037.png?dl=1
0023.png,https://www.dropbox.com/s/i3egbay4hfvyacp/0023.png?dl=1
0087.png,https://www.dropbox.com/s/db2lxa38uxxjchd/0087.png?dl=1
0093.png,https://www.dropbox.com/s/vswaae8lqbympto/0093.png?dl=1
0044.png,https://www.dropbox.com/s/3cjolgx18tqt8rw/0044.png?dl=1
0050.png,https://www.dropbox.com/s/2mt7ghis50iyzoi/0050.png?dl=1
0078.png,https://www.dropbox.com/s/ufrzlnreslohegp/0078.png?dl=1
0130.png,https://www.dropbox.com/s/03fnv5xfxvyv85r/0130.png?dl=1
0124.png,https://www.dropbox.com/s/he87o3tgnijsvhq/0124.png?dl=1
0118.png,https://www.dropbox.com/s/zxwi90w8x2ucmhu/0118.png?dl=1
0119.png,https://www.dropbox.com/s/qjmtcqj5xt12zxg/0119.png?dl=1
0125.png,https://www.dropbox.com/s/e5stikceblbruub/0125.png?dl=1
0131.png,https://www.dropbox.com/s/9gn5045l9qyz07d/0131.png?dl=1
0079.png,https://www.dropbox.com/s/9urlc7xc65dqmum/0079.png?dl=1
0051.png,https://www.dropbox.com/s/zwmioeri49x8kdt/0051.png?dl=1
0045.png,https://www.dropbox.com/s/rfne66c2ycg37cc/0045.png?dl=1
0092.png,https://www.dropbox.com/s/hkswveirz04dy75/0092.png?dl=1
0086.png,https://www.dropbox.com/s/xu37cayzukufrae/0086.png?dl=1
0090.png,https://www.dropbox.com/s/a3r7fm8amgp0olp/0090.png?dl=1
0084.png,https://www.dropbox.com/s/fzewo9us1jdpc7u/0084.png?dl=1
0053.png,https://www.dropbox.com/s/4wim3ljq81a0b0j/0053.png?dl=1
0047.png,https://www.dropbox.com/s/bace5v1lh68ksgz/0047.png?dl=1
0127.png,https://www.dropbox.com/s/8s2kae9z4d1flp3/0127.png?dl=1
0133.png,https://www.dropbox.com/s/g4hwa59x8iatmkr/0133.png?dl=1
0132.png,https://www.dropbox.com/s/vweqxpsjvi910av/0132.png?dl=1
0126.png,https://www.dropbox.com/s/o3dofylr3v2zrhu/0126.png?dl=1
0046.png,https://www.dropbox.com/s/0bsmy6wm948vcog/0046.png?dl=1
0052.png,https://www.dropbox.com/s/ddo3f3x58rluqb5/0052.png?dl=1
0085.png,https://www.dropbox.com/s/vf56ke0p74bobab/0085.png?dl=1
0091.png,https://www.dropbox.com/s/l7tpuk9gkbj3w8a/0091.png?dl=1
0095.png,https://www.dropbox.com/s/rjazsnhksa4hn9t/0095.png?dl=1
0081.png,https://www.dropbox.com/s/2lsve8eanehzx9m/0081.png?dl=1
0056.png,https://www.dropbox.com/s/tcdbnjyng4kmlrs/0056.png?dl=1
0042.png,https://www.dropbox.com/s/59z33wllcw2433v/0042.png?dl=1
0122.png,https://www.dropbox.com/s/yfzbh1gei7x0rxo/0122.png?dl=1
0136.png,https://www.dropbox.com/s/swkktswox58tfdu/0136.png?dl=1
0137.png,https://www.dropbox.com/s/c8tyqz2uftmfisa/0137.png?dl=1
0123.png,https://www.dropbox.com/s/h2oy0s48n0a0gwj/0123.png?dl=1
0043.png,https://www.dropbox.com/s/zqiievvu066ke0z/0043.png?dl=1
0057.png,https://www.dropbox.com/s/8g1e4mhqvch6dkf/0057.png?dl=1
0080.png,https://www.dropbox.com/s/e1pj57abrtahoq7/0080.png?dl=1
0094.png,https://www.dropbox.com/s/xaor8s657ezrtf4/0094.png?dl=1
0082.png,https://www.dropbox.com/s/ftpue4eczoopmu0/0082.png?dl=1
0096.png,https://www.dropbox.com/s/qzoeo51gt9umoyu/0096.png?dl=1
0069.png,https://www.dropbox.com/s/8da46std0bek7ui/0069.png?dl=1
0041.png,https://www.dropbox.com/s/o29bp5anjgycae9/0041.png?dl=1
0055.png,https://www.dropbox.com/s/a6m6kzs99ktz877/0055.png?dl=1
0109.png,https://www.dropbox.com/s/lh3wdl0ws1c1nm0/0109.png?dl=1
0135.png,https://www.dropbox.com/s/sv7de0d6cttr74p/0135.png?dl=1
0121.png,https://www.dropbox.com/s/gke6bxgl5ps8x8o/0121.png?dl=1
0120.png,https://www.dropbox.com/s/kpyqqdnlzun7y92/0120.png?dl=1
0134.png,https://www.dropbox.com/s/izudpjqj11et5au/0134.png?dl=1
0108.png,https://www.dropbox.com/s/xskkvwvwqobns7f/0108.png?dl=1
0054.png,https://www.dropbox.com/s/i1rzmorxk4jpx3s/0054.png?dl=1
0040.png,https://www.dropbox.com/s/li5to5h1c1ul3ih/0040.png?dl=1
0068.png,https://www.dropbox.com/s/obs5xu7j0cukpay/0068.png?dl=1
0097.png,https://www.dropbox.com/s/p2q6vgdlg1o3axx/0097.png?dl=1
0083.png,https://www.dropbox.com/s/1xc1iv7wqxz2bot/0083.png?dl=1
