0033.gif,https://www.dropbox.com/s/vxdeh85a6815mq2/0033.gif?dl=1
0027.gif,https://www.dropbox.com/s/abmc6zgd7arx96m/0027.gif?dl=1
0147.gif,https://www.dropbox.com/s/7tawhlvm0p3494g/0147.gif?dl=1
0153.gif,https://www.dropbox.com/s/9lyaa25216ys8yw/0153.gif?dl=1
0152.gif,https://www.dropbox.com/s/cjzmfuk8neuqxge/0152.gif?dl=1
0146.gif,https://www.dropbox.com/s/sbwnfl5ixm4posn/0146.gif?dl=1
0026.gif,https://www.dropbox.com/s/ddeftixtgcejpkh/0026.gif?dl=1
0032.gif,https://www.dropbox.com/s/suot49g67gzv8ni/0032.gif?dl=1
0024.gif,https://www.dropbox.com/s/yfvrris15pt8o97/0024.gif?dl=1
0030.gif,https://www.dropbox.com/s/m6e0ljukuacgri0/0030.gif?dl=1
0018.gif,https://www.dropbox.com/s/u9dh4o93gpigp5p/0018.gif?dl=1
0150.gif,https://www.dropbox.com/s/zdcehmqzv686n3g/0150.gif?dl=1
0144.gif,https://www.dropbox.com/s/konlsrrd573xb1g/0144.gif?dl=1
0145.gif,https://www.dropbox.com/s/p6oexidw1n9jpcs/0145.gif?dl=1
0151.gif,https://www.dropbox.com/s/mcmxepcnwpeqgvi/0151.gif?dl=1
0019.gif,https://www.dropbox.com/s/5wor2oyjfo4hxts/0019.gif?dl=1
0031.gif,https://www.dropbox.com/s/111u6vkbhj4stgx/0031.gif?dl=1
0025.gif,https://www.dropbox.com/s/su6tetlxurqlsp8/0025.gif?dl=1
0009.gif,https://www.dropbox.com/s/7gdd5pncwx0moia/0009.gif?dl=1
0021.gif,https://www.dropbox.com/s/ovgdiw6nx3kgumr/0021.gif?dl=1
0035.gif,https://www.dropbox.com/s/zgdpnkysvixvgzh/0035.gif?dl=1
0155.gif,https://www.dropbox.com/s/0f8wn8cnjwqp4lr/0155.gif?dl=1
0141.gif,https://www.dropbox.com/s/msu3jcsdvenp58h/0141.gif?dl=1
0140.gif,https://www.dropbox.com/s/1bz897kszoqxn82/0140.gif?dl=1
0154.gif,https://www.dropbox.com/s/yz2fc0neo7ymuyw/0154.gif?dl=1
0034.gif,https://www.dropbox.com/s/mhous4cn4ylxi9g/0034.gif?dl=1
0020.gif,https://www.dropbox.com/s/v2g4gblaeffl49k/0020.gif?dl=1
0008.gif,https://www.dropbox.com/s/5086bw4z2pbrim4/0008.gif?dl=1
0036.gif,https://www.dropbox.com/s/azqk3gcuq0jo2nn/0036.gif?dl=1
0022.gif,https://www.dropbox.com/s/3mstftj6lofvfbq/0022.gif?dl=1
0142.gif,https://www.dropbox.com/s/wfd68k33mhycmsu/0142.gif?dl=1
0156.gif,https://www.dropbox.com/s/cq1ysc3bebb4dl2/0156.gif?dl=1
0157.gif,https://www.dropbox.com/s/xwd2cog5lgzxrbz/0157.gif?dl=1
0143.gif,https://www.dropbox.com/s/ivxmibuf1iemz78/0143.gif?dl=1
0023.gif,https://www.dropbox.com/s/u7x69jsay8e4cco/0023.gif?dl=1
0037.gif,https://www.dropbox.com/s/t6w0l9q4kjrass6/0037.gif?dl=1
0050.gif,https://www.dropbox.com/s/nlo3en9ow0cbs63/0050.gif?dl=1
0044.gif,https://www.dropbox.com/s/gntxh1nywgjnk6y/0044.gif?dl=1
0078.gif,https://www.dropbox.com/s/4lppzve40yh27qb/0078.gif?dl=1
0093.gif,https://www.dropbox.com/s/047j2e1g8eccq9q/0093.gif?dl=1
0087.gif,https://www.dropbox.com/s/uz33e08tfjyfoqk/0087.gif?dl=1
0124.gif,https://www.dropbox.com/s/x3scziie10rth6j/0124.gif?dl=1
0130.gif,https://www.dropbox.com/s/oqql71c4ge8qkw0/0130.gif?dl=1
0118.gif,https://www.dropbox.com/s/98x24xytmit9k86/0118.gif?dl=1
0119.gif,https://www.dropbox.com/s/xidamv6xzm7sfk4/0119.gif?dl=1
0131.gif,https://www.dropbox.com/s/od63x983i3lkgvo/0131.gif?dl=1
0125.gif,https://www.dropbox.com/s/ryiadiy0va5fznf/0125.gif?dl=1
0086.gif,https://www.dropbox.com/s/eiajioondv7odqx/0086.gif?dl=1
0092.gif,https://www.dropbox.com/s/l6zy7wi8ygftn8w/0092.gif?dl=1
0079.gif,https://www.dropbox.com/s/zj24s7c66imb4ec/0079.gif?dl=1
0045.gif,https://www.dropbox.com/s/vce6lkiog8my64n/0045.gif?dl=1
0051.gif,https://www.dropbox.com/s/9p39c3i933yg22a/0051.gif?dl=1
0047.gif,https://www.dropbox.com/s/2y3sc68ycbuhuvn/0047.gif?dl=1
0053.gif,https://www.dropbox.com/s/f8z4mrot0wj58w6/0053.gif?dl=1
0084.gif,https://www.dropbox.com/s/hpl2kpe78ysux37/0084.gif?dl=1
0090.gif,https://www.dropbox.com/s/t6buu4qbndoa9yh/0090.gif?dl=1
0133.gif,https://www.dropbox.com/s/95fj9xngrhrl9kk/0133.gif?dl=1
0127.gif,https://www.dropbox.com/s/e0u1483p9qnbfyp/0127.gif?dl=1
0126.gif,https://www.dropbox.com/s/6ww7ljmjt1oe8hg/0126.gif?dl=1
0132.gif,https://www.dropbox.com/s/bwvlpihazxmk63i/0132.gif?dl=1
0091.gif,https://www.dropbox.com/s/mj5da6n73khq2ta/0091.gif?dl=1
0085.gif,https://www.dropbox.com/s/baqbz7xbw1im4pk/0085.gif?dl=1
0052.gif,https://www.dropbox.com/s/i782h4m2lle4wxg/0052.gif?dl=1
0046.gif,https://www.dropbox.com/s/ritz7uzr0p60nbb/0046.gif?dl=1
0042.gif,https://www.dropbox.com/s/if6e2he5xdc0dpq/0042.gif?dl=1
0056.gif,https://www.dropbox.com/s/zbnjmgy7qs79iq7/0056.gif?dl=1
0081.gif,https://www.dropbox.com/s/lsu4b9e1jm3krrk/0081.gif?dl=1
0095.gif,https://www.dropbox.com/s/e187ikp58h21f67/0095.gif?dl=1
0136.gif,https://www.dropbox.com/s/9c9b9eyxqz06avc/0136.gif?dl=1
0122.gif,https://www.dropbox.com/s/iknjxf4dkl94zlq/0122.gif?dl=1
0123.gif,https://www.dropbox.com/s/3518ei33kggea90/0123.gif?dl=1
0137.gif,https://www.dropbox.com/s/6mekqjqd9cmzshf/0137.gif?dl=1
0094.gif,https://www.dropbox.com/s/n1xu90rstytampv/0094.gif?dl=1
0080.gif,https://www.dropbox.com/s/ef3gzppkzzkhv6e/0080.gif?dl=1
0057.gif,https://www.dropbox.com/s/k5m42v0g4m5naea/0057.gif?dl=1
0043.gif,https://www.dropbox.com/s/vpi7gu3y6avv421/0043.gif?dl=1
0069.gif,https://www.dropbox.com/s/emjhgnw5my6cohs/0069.gif?dl=1
0055.gif,https://www.dropbox.com/s/nh9jlucl4ite8nb/0055.gif?dl=1
0041.gif,https://www.dropbox.com/s/dk4t2bkyn649av5/0041.gif?dl=1
0096.gif,https://www.dropbox.com/s/mk1d8qyeip0oduk/0096.gif?dl=1
0082.gif,https://www.dropbox.com/s/lbi3mevwx6wbrnh/0082.gif?dl=1
0109.gif,https://www.dropbox.com/s/62mpxor7wjltk9j/0109.gif?dl=1
0121.gif,https://www.dropbox.com/s/2o8ylru41lgza4l/0121.gif?dl=1
0135.gif,https://www.dropbox.com/s/wc67yvez6l84pt9/0135.gif?dl=1
0134.gif,https://www.dropbox.com/s/r91gzdwct28l6vg/0134.gif?dl=1
0120.gif,https://www.dropbox.com/s/wvdwnqx04l1pe55/0120.gif?dl=1
0108.gif,https://www.dropbox.com/s/wo6qpp68yeq0yzp/0108.gif?dl=1
0083.gif,https://www.dropbox.com/s/bm8ioigq45kz6zi/0083.gif?dl=1
0097.gif,https://www.dropbox.com/s/6e277y5dilie00p/0097.gif?dl=1
0040.gif,https://www.dropbox.com/s/9s7nulmhtv1zlt6/0040.gif?dl=1
0054.gif,https://www.dropbox.com/s/yx8xrf1tuu0hjfg/0054.gif?dl=1
0068.gif,https://www.dropbox.com/s/mxra42xhylaznis/0068.gif?dl=1
0071.gif,https://www.dropbox.com/s/o0yroewzlpaeurr/0071.gif?dl=1
0065.gif,https://www.dropbox.com/s/1zhfwjpoyvnqd3n/0065.gif?dl=1
0059.gif,https://www.dropbox.com/s/cl134yob7c73r0o/0059.gif?dl=1
0105.gif,https://www.dropbox.com/s/pa4u3vxdltcrmy4/0105.gif?dl=1
0111.gif,https://www.dropbox.com/s/40370xf0j46cszt/0111.gif?dl=1
0139.gif,https://www.dropbox.com/s/k8ytcrcu0499gbo/0139.gif?dl=1
0138.gif,https://www.dropbox.com/s/a8x3n10682kevvd/0138.gif?dl=1
0110.gif,https://www.dropbox.com/s/c5tnth0pez59ldb/0110.gif?dl=1
0104.gif,https://www.dropbox.com/s/1sfz1h9qgpyusej/0104.gif?dl=1
0058.gif,https://www.dropbox.com/s/u3v3hlt9obuqk90/0058.gif?dl=1
0064.gif,https://www.dropbox.com/s/0tub5l2lr512oa3/0064.gif?dl=1
0070.gif,https://www.dropbox.com/s/ak4a202n6vz1kw3/0070.gif?dl=1
0066.gif,https://www.dropbox.com/s/2f9b38nbeyggdwz/0066.gif?dl=1
0072.gif,https://www.dropbox.com/s/6s3gozi9e9lf850/0072.gif?dl=1
0099.gif,https://www.dropbox.com/s/7cc9iy3dh6xak4i/0099.gif?dl=1
0112.gif,https://www.dropbox.com/s/uqyj7d72nswjdmn/0112.gif?dl=1
0106.gif,https://www.dropbox.com/s/ayycz94udcre4qq/0106.gif?dl=1
0107.gif,https://www.dropbox.com/s/01mirsano5yynnb/0107.gif?dl=1
0113.gif,https://www.dropbox.com/s/y81sz1p5mlftxak/0113.gif?dl=1
0098.gif,https://www.dropbox.com/s/yn9kzjeiu5vj3z4/0098.gif?dl=1
0073.gif,https://www.dropbox.com/s/rfc4hu8z6og0u00/0073.gif?dl=1
0067.gif,https://www.dropbox.com/s/06ycxyvdp7dulqc/0067.gif?dl=1
0063.gif,https://www.dropbox.com/s/rgtj8azjo5fd654/0063.gif?dl=1
0077.gif,https://www.dropbox.com/s/tm5pvrz8cbd4oib/0077.gif?dl=1
0088.gif,https://www.dropbox.com/s/g77z3js3rv0xwhi/0088.gif?dl=1
0117.gif,https://www.dropbox.com/s/61fmqcrf3doc512/0117.gif?dl=1
0103.gif,https://www.dropbox.com/s/3n92qarcd9zyo4d/0103.gif?dl=1
0102.gif,https://www.dropbox.com/s/w68dhy25vhvtkqu/0102.gif?dl=1
0116.gif,https://www.dropbox.com/s/9gmk1470m99sdbs/0116.gif?dl=1
0089.gif,https://www.dropbox.com/s/ckwv5u6lker0hn5/0089.gif?dl=1
0076.gif,https://www.dropbox.com/s/09m31ge6wnzoos5/0076.gif?dl=1
0062.gif,https://www.dropbox.com/s/3xy5jjyeeu05acs/0062.gif?dl=1
0048.gif,https://www.dropbox.com/s/7h138tnh8wichp0/0048.gif?dl=1
0074.gif,https://www.dropbox.com/s/qzdpenc22x4ozi3/0074.gif?dl=1
0060.gif,https://www.dropbox.com/s/683p1bx62v2x3jl/0060.gif?dl=1
0128.gif,https://www.dropbox.com/s/04zuah5v7ivufh5/0128.gif?dl=1
0100.gif,https://www.dropbox.com/s/2ma1qwketexzjiy/0100.gif?dl=1
0114.gif,https://www.dropbox.com/s/8qupf563w3oxmq1/0114.gif?dl=1
0115.gif,https://www.dropbox.com/s/v0pdwh42vyn8o0w/0115.gif?dl=1
0101.gif,https://www.dropbox.com/s/v5f9kt37u8k4uij/0101.gif?dl=1
0129.gif,https://www.dropbox.com/s/4wh0ana0fxjntql/0129.gif?dl=1
0061.gif,https://www.dropbox.com/s/ahgzt73jnmgxr6y/0061.gif?dl=1
0075.gif,https://www.dropbox.com/s/y7t6khxbypxvfjd/0075.gif?dl=1
0049.gif,https://www.dropbox.com/s/kwv090kc6r8ka12/0049.gif?dl=1
0012.gif,https://www.dropbox.com/s/xtpqq09kovebi97/0012.gif?dl=1
0006.gif,https://www.dropbox.com/s/bi2j800owr0p4vw/0006.gif?dl=1
0007.gif,https://www.dropbox.com/s/wshnd8sm6b406yn/0007.gif?dl=1
0013.gif,https://www.dropbox.com/s/yap7uy9v6bl9wud/0013.gif?dl=1
0005.gif,https://www.dropbox.com/s/quiria27gyl4r08/0005.gif?dl=1
0011.gif,https://www.dropbox.com/s/uq4dz0ah3kfc8g5/0011.gif?dl=1
0039.gif,https://www.dropbox.com/s/25rpqyehd03o1f3/0039.gif?dl=1
0159.gif,https://www.dropbox.com/s/iq2md40fgvnpxsu/0159.gif?dl=1
0158.gif,https://www.dropbox.com/s/91vqjws09qtj8w2/0158.gif?dl=1
0038.gif,https://www.dropbox.com/s/6ognuv0zo8i64d1/0038.gif?dl=1
0010.gif,https://www.dropbox.com/s/s4xgdwti9adb8ts/0010.gif?dl=1
0004.gif,https://www.dropbox.com/s/pjs70hfh6lmckce/0004.gif?dl=1
0028.gif,https://www.dropbox.com/s/uo7fudrul2vlt36/0028.gif?dl=1
0014.gif,https://www.dropbox.com/s/m0xjsl5qv540l7c/0014.gif?dl=1
0148.gif,https://www.dropbox.com/s/ocnn1mf0iefd3nv/0148.gif?dl=1
0160.gif,https://www.dropbox.com/s/hn3lgk3auj8hnsw/0160.gif?dl=1
0161.gif,https://www.dropbox.com/s/4jay358msl4zm3o/0161.gif?dl=1
0149.gif,https://www.dropbox.com/s/0ejreirrks3npn7/0149.gif?dl=1
0015.gif,https://www.dropbox.com/s/ipxbueox1ne0lul/0015.gif?dl=1
0001.gif,https://www.dropbox.com/s/4vcks68t8g2bzej/0001.gif?dl=1
0029.gif,https://www.dropbox.com/s/h1tuxmcfr1fbnk3/0029.gif?dl=1
0017.gif,https://www.dropbox.com/s/evjdjcytrtn91j5/0017.gif?dl=1
0003.gif,https://www.dropbox.com/s/dm4v1g7aub6vpie/0003.gif?dl=1
0162.gif,https://www.dropbox.com/s/rixtvpweiqz3qlo/0162.gif?dl=1
0002.gif,https://www.dropbox.com/s/f2753bx7eu2fmil/0002.gif?dl=1
0016.gif,https://www.dropbox.com/s/l6z9ka162qg1zeh/0016.gif?dl=1
