5e8c9450-65b2-4fdd-b3b3-8d530b5a22da.png,https://www.dropbox.com/s/1522k4kfvysuljw/5e8c9450-65b2-4fdd-b3b3-8d530b5a22da.png?dl=1
c94988bd-e05f-4bbc-b952-6fb25b7decd2.png,https://www.dropbox.com/s/524feks9yh1ejjp/c94988bd-e05f-4bbc-b952-6fb25b7decd2.png?dl=1
4682dc52-5ef4-4d5b-afd0-250175d15706.png,https://www.dropbox.com/s/amzn3etn3mqltub/4682dc52-5ef4-4d5b-afd0-250175d15706.png?dl=1
8cad4277-92d9-45f8-a6d0-4c9ec7ca3608.png,https://www.dropbox.com/s/beegufwxs2suwi3/8cad4277-92d9-45f8-a6d0-4c9ec7ca3608.png?dl=1
7103b2a4-59f3-4514-8bc2-421b4c2cb624.png,https://www.dropbox.com/s/o2p3o2xv5hi6cog/7103b2a4-59f3-4514-8bc2-421b4c2cb624.png?dl=1
7d923ffb-9b71-4d7b-b466-d527590baebf.png,https://www.dropbox.com/s/60r7gztip8j4dsj/7d923ffb-9b71-4d7b-b466-d527590baebf.png?dl=1
caaf351e-d385-433c-8e83-e2d9a56fc39a.png,https://www.dropbox.com/s/a30x12fsg2lxpdj/caaf351e-d385-433c-8e83-e2d9a56fc39a.png?dl=1
db12de5b-66b3-49e1-a1f3-0b2beefcea71.png,https://www.dropbox.com/s/vj6g9aztjilakml/db12de5b-66b3-49e1-a1f3-0b2beefcea71.png?dl=1
27613a6e-db87-449f-8994-5934891a48ae.png,https://www.dropbox.com/s/ddmp3qycv6azhio/27613a6e-db87-449f-8994-5934891a48ae.png?dl=1
d44059f3-b077-4466-b484-e6c13ad507bb.png,https://www.dropbox.com/s/tsn085tqsisa6oi/d44059f3-b077-4466-b484-e6c13ad507bb.png?dl=1
