accessors_indexes_test_39.gif,https://www.dropbox.com/s/d8z9mjaim89nyzy/accessors_indexes_test_39.gif?dl=1
4byte_29.gif,https://www.dropbox.com/s/f8fwgpniv45kqnq/4byte_29.gif?dl=1
localnode_test_28.gif,https://www.dropbox.com/s/rolr6ywq1109c3k/localnode_test_28.gif?dl=1
peer_1194.gif,https://www.dropbox.com/s/94eonbhxzvug6ii/peer_1194.gif?dl=1
node_97.gif,https://www.dropbox.com/s/b8mqrasij0ew5rs/node_97.gif?dl=1
handler_229.gif,https://www.dropbox.com/s/yarap8ebglw9a2x/handler_229.gif?dl=1
peer_1143.gif,https://www.dropbox.com/s/pyyugz3hk37zzqn/peer_1143.gif?dl=1
sample_226.gif,https://www.dropbox.com/s/wx9cqilmqa41kpc/sample_226.gif?dl=1
inproc_test_101.gif,https://www.dropbox.com/s/pbwqg9nrhjcjd6c/inproc_test_101.gif?dl=1
completion_27.gif,https://www.dropbox.com/s/fujhxg2e4hf1zt6/completion_27.gif?dl=1
fp6_32.gif,https://www.dropbox.com/s/qpmkue7vf0ll77p/fp6_32.gif?dl=1
tx_pool_555.gif,https://www.dropbox.com/s/dn71cgbdrsbvhtn/tx_pool_555.gif?dl=1
gethclient_test_187.gif,https://www.dropbox.com/s/3j3a635m91zksqw/gethclient_test_187.gif?dl=1
graphql_571.gif,https://www.dropbox.com/s/6kqtvak7bw4v24o/graphql_571.gif?dl=1
aes_gcm_storage_47.gif,https://www.dropbox.com/s/h0tw4n7ifoy8v32/aes_gcm_storage_47.gif?dl=1
handler_glog_150.gif,https://www.dropbox.com/s/g5wm1ss0k07cid7/handler_glog_150.gif?dl=1
decode_test_871.gif,https://www.dropbox.com/s/l482z4xm0busbvz/decode_test_871.gif?dl=1
bitutil_19.gif,https://www.dropbox.com/s/dxe57fk2luutbdo/bitutil_19.gif?dl=1
v5_udp_487.gif,https://www.dropbox.com/s/j973it3ljd921y0/v5_udp_487.gif?dl=1
fp_test_421.gif,https://www.dropbox.com/s/elpxtf6edf4pc43/fp_test_421.gif?dl=1
sync_test_152.gif,https://www.dropbox.com/s/vnb5vj6tmxmtq6r/sync_test_152.gif?dl=1
gethclient_test_45.gif,https://www.dropbox.com/s/92b5ye3en1pfihm/gethclient_test_45.gif?dl=1
jsre_test_79.gif,https://www.dropbox.com/s/iyoz18awkdmc7n9/jsre_test_79.gif?dl=1
encode_364.gif,https://www.dropbox.com/s/lfn90btb0xw0zbs/encode_364.gif?dl=1
transaction_test_265.gif,https://www.dropbox.com/s/o67ky3psyiazczk/transaction_test_265.gif?dl=1
fp_63.gif,https://www.dropbox.com/s/yukzmgpxtic5xch/fp_63.gif?dl=1
hd_test_81.gif,https://www.dropbox.com/s/69vhmwcqgk720pv/hd_test_81.gif?dl=1
subscription_46.gif,https://www.dropbox.com/s/wq9axkutpuzmq9y/subscription_46.gif?dl=1
blake2x_90.gif,https://www.dropbox.com/s/64sv41od73qkfae/blake2x_90.gif?dl=1
decode_619.gif,https://www.dropbox.com/s/hf3850a1nyuh4ij/decode_619.gif?dl=1
decode_180.gif,https://www.dropbox.com/s/ijae5w3zskyerzz/decode_180.gif?dl=1
fp_test_623.gif,https://www.dropbox.com/s/3wsrlapvejfzefz/fp_test_623.gif?dl=1
les_test_67.gif,https://www.dropbox.com/s/msn4gk2mcp782wl/les_test_67.gif?dl=1
decode_817.gif,https://www.dropbox.com/s/a58yjnkmjugj2uv/decode_817.gif?dl=1
meter_149.gif,https://www.dropbox.com/s/bubvd1dt79z217q/meter_149.gif?dl=1
keystore_test_38.gif,https://www.dropbox.com/s/pbbbyvnonjl12vv/keystore_test_38.gif?dl=1
block_335.gif,https://www.dropbox.com/s/kx3mpvg0cmkf2tw/block_335.gif?dl=1
messages-management_322.gif,https://www.dropbox.com/s/kk1zbdv0mp4cs0r/messages-management_322.gif?dl=1
fourbyte_75.gif,https://www.dropbox.com/s/dezt7j0qu92ef01/fourbyte_75.gif?dl=1
feed_test_240.gif,https://www.dropbox.com/s/1eqwed1tns167la/feed_test_240.gif?dl=1
gfp_generic_48.gif,https://www.dropbox.com/s/uwfuhj21u4vxm8l/gfp_generic_48.gif?dl=1
testlog_98.gif,https://www.dropbox.com/s/037jmslo5o95st7/testlog_98.gif?dl=1
update-license_119.gif,https://www.dropbox.com/s/2c4wiltray79jl9/update-license_119.gif?dl=1
chain_indexer_147.gif,https://www.dropbox.com/s/an5ywxzbd9r0o49/chain_indexer_147.gif?dl=1
messages-management_875.gif,https://www.dropbox.com/s/s3hyky8w27mibk9/messages-management_875.gif?dl=1
proof_test_816.gif,https://www.dropbox.com/s/llw1m84yalc0iek/proof_test_816.gif?dl=1
handler_189.gif,https://www.dropbox.com/s/itz34dhs1743mhv/handler_189.gif?dl=1
blockchain_repair_test_205.gif,https://www.dropbox.com/s/ds6gcbsqj6625tv/blockchain_repair_test_205.gif?dl=1
lookup_183.gif,https://www.dropbox.com/s/jc0ny3k9qyeyvlm/lookup_183.gif?dl=1
messages-management_726.gif,https://www.dropbox.com/s/ewfgdoq9ah28s45/messages-management_726.gif?dl=1
encode_test_530.gif,https://www.dropbox.com/s/rfgjbgqurvuqu27/encode_test_530.gif?dl=1
gauge_test_7.gif,https://www.dropbox.com/s/i86zdldyqa2sqm3/gauge_test_7.gif?dl=1
assets_377.gif,https://www.dropbox.com/s/bcb1qzc2lvyu69w/assets_377.gif?dl=1
lexer_225.gif,https://www.dropbox.com/s/cym5qospxcbnft2/lexer_225.gif?dl=1
bitutil_test_14.gif,https://www.dropbox.com/s/b7otnznk0cgcx7t/bitutil_test_14.gif?dl=1
gen_structlog_52.gif,https://www.dropbox.com/s/w0csberos8vszuz/gen_structlog_52.gif?dl=1
client_test_212.gif,https://www.dropbox.com/s/xs0vou4dijmyerx/client_test_212.gif?dl=1
archive_187.gif,https://www.dropbox.com/s/bn4r2fv1pb1cot0/archive_187.gif?dl=1
control_120.gif,https://www.dropbox.com/s/5qpbl5uzlp5q8rm/control_120.gif?dl=1
expiredvalue_147.gif,https://www.dropbox.com/s/krk49vuvmt4imse/expiredvalue_147.gif?dl=1
pairing_58.gif,https://www.dropbox.com/s/sl34ntn3a8oirzm/pairing_58.gif?dl=1
fp_test_9.gif,https://www.dropbox.com/s/8hsdoxcaxu27dm8/fp_test_9.gif?dl=1
fp_test_783.gif,https://www.dropbox.com/s/jml9inhxj8col3y/fp_test_783.gif?dl=1
instructions_test_455.gif,https://www.dropbox.com/s/dh9zzyji10vwvu3/instructions_test_455.gif?dl=1
messages-management_283.gif,https://www.dropbox.com/s/vjbqiu4otkpuk1l/messages-management_283.gif?dl=1
opentsdb_27.gif,https://www.dropbox.com/s/ijck7hcssj7ybv1/opentsdb_27.gif?dl=1
ethclient_test_276.gif,https://www.dropbox.com/s/0u0xnjqni2x3ry2/ethclient_test_276.gif?dl=1
resetting_timer_172.gif,https://www.dropbox.com/s/v7b2rnvt2tmp57w/resetting_timer_172.gif?dl=1
blockchain_repair_test_41.gif,https://www.dropbox.com/s/3porpoc80vsokjs/blockchain_repair_test_41.gif?dl=1
suite_429.gif,https://www.dropbox.com/s/mh4rx3l96vu2wst/suite_429.gif?dl=1
iptrack_test_40.gif,https://www.dropbox.com/s/0nxdu2jiruy7rwu/iptrack_test_40.gif?dl=1
twist_42.gif,https://www.dropbox.com/s/dylcjrmh2nw6fjt/twist_42.gif?dl=1
tx_pool_973.gif,https://www.dropbox.com/s/hs62sv1sfjg6fyd/tx_pool_973.gif?dl=1
prompt_test_23.gif,https://www.dropbox.com/s/sd1vqrg413enwfk/prompt_test_23.gif?dl=1
http_353.gif,https://www.dropbox.com/s/c5vl2ndql086dk5/http_353.gif?dl=1
discv4tests_255.gif,https://www.dropbox.com/s/os0fkqlu0q14sy8/discv4tests_255.gif?dl=1
blockchain_699.gif,https://www.dropbox.com/s/bmiab8lw9zzropv/blockchain_699.gif?dl=1
account_cache_42.gif,https://www.dropbox.com/s/hj0qavmxy6b2wxh/account_cache_42.gif?dl=1
network_test_535.gif,https://www.dropbox.com/s/t6z3bg4vytx97vy/network_test_535.gif?dl=1
peer_1395.gif,https://www.dropbox.com/s/f4nrxvm4580c6cm/peer_1395.gif?dl=1
format_test_9.gif,https://www.dropbox.com/s/i0f71behdgxf1sp/format_test_9.gif?dl=1
website_19.gif,https://www.dropbox.com/s/hs3fg2hvumtjxmc/website_19.gif?dl=1
fp_test_1320.gif,https://www.dropbox.com/s/ddmsjtw7hz5xcdx/fp_test_1320.gif?dl=1
counter_63.gif,https://www.dropbox.com/s/zdfo084k0whv8p7/counter_63.gif?dl=1
encode_213.gif,https://www.dropbox.com/s/zq7c9ukah2je22f/encode_213.gif?dl=1
wizard_netstats_192.gif,https://www.dropbox.com/s/qepz1rdrzi3pabm/wizard_netstats_192.gif?dl=1
registry_298.gif,https://www.dropbox.com/s/qs4h63r1n5uovho/registry_298.gif?dl=1
contracts_364.gif,https://www.dropbox.com/s/pjg69m8f0q33mc0/contracts_364.gif?dl=1
accessors_chain_test_261.gif,https://www.dropbox.com/s/c0z4lbeajqrdxup/accessors_chain_test_261.gif?dl=1
memory_table_54.gif,https://www.dropbox.com/s/zhaa595h8snuj6w/memory_table_54.gif?dl=1
decode_test_906.gif,https://www.dropbox.com/s/05n9rzgd5vg11xc/decode_test_906.gif?dl=1
messages-management_1228.gif,https://www.dropbox.com/s/pux4o082uoa47qp/messages-management_1228.gif?dl=1
rpcstack_444.gif,https://www.dropbox.com/s/3nd6cqzw6utq8yt/rpcstack_444.gif?dl=1
consensus_test_90.gif,https://www.dropbox.com/s/uz0ziq90t0eaez4/consensus_test_90.gif?dl=1
lattice_43.gif,https://www.dropbox.com/s/fnzodexidppvc6c/lattice_43.gif?dl=1
tx_fetcher_324.gif,https://www.dropbox.com/s/02twh9pk1n4nohm/tx_fetcher_324.gif?dl=1
requestbasket_test_25.gif,https://www.dropbox.com/s/4cdyzzddvucpe95/requestbasket_test_25.gif?dl=1
bytes_70.gif,https://www.dropbox.com/s/5m7l8pckfigirh4/bytes_70.gif?dl=1
completion_test_24.gif,https://www.dropbox.com/s/vkk9twxk2ri3e1q/completion_test_24.gif?dl=1
sample_191.gif,https://www.dropbox.com/s/7t5ta3af74u8dht/sample_191.gif?dl=1
flags_test_24.gif,https://www.dropbox.com/s/pr2mfxao8be51n2/flags_test_24.gif?dl=1
iterator_binary_41.gif,https://www.dropbox.com/s/a792f4aelvmpsre/iterator_binary_41.gif?dl=1
meter_test_7.gif,https://www.dropbox.com/s/tz2oj4jre2viyck/meter_test_7.gif?dl=1
clientpool-fuzzer_150.gif,https://www.dropbox.com/s/tsshy4lymdq374l/clientpool-fuzzer_150.gif?dl=1
dial_test_281.gif,https://www.dropbox.com/s/s9l8g8jjs05vdbk/dial_test_281.gif?dl=1
tx_fetcher_test_76.gif,https://www.dropbox.com/s/tzmjcu3jgqqu064/tx_fetcher_test_76.gif?dl=1
fp_test_1080.gif,https://www.dropbox.com/s/yeu5nhbt3k7uocw/fp_test_1080.gif?dl=1
test_68.gif,https://www.dropbox.com/s/mhlgqvfmvvl9ybs/test_68.gif?dl=1
messages_635.gif,https://www.dropbox.com/s/nh4jn3lysd9scl7/messages_635.gif?dl=1
servingqueue_295.gif,https://www.dropbox.com/s/egt7eipsbfb2q2z/servingqueue_295.gif?dl=1
v5_udp_test_329.gif,https://www.dropbox.com/s/3azzohkehqsoosy/v5_udp_test_329.gif?dl=1
meter_189.gif,https://www.dropbox.com/s/zcthpiawdectri9/meter_189.gif?dl=1
blockchain_sethead_test_328.gif,https://www.dropbox.com/s/j4ewnfgui2ktbd4/blockchain_sethead_test_328.gif?dl=1
txpool_450.gif,https://www.dropbox.com/s/m2nzkfs8m53nqz7/txpool_450.gif?dl=1
balance_377.gif,https://www.dropbox.com/s/9otwcn0jyre9ugh/balance_377.gif?dl=1
gethclient_test_90.gif,https://www.dropbox.com/s/ql3t29gvmwdkss9/gethclient_test_90.gif?dl=1
committer_211.gif,https://www.dropbox.com/s/i9qor3v0lhjo3xi/committer_211.gif?dl=1
v5_udp_test_103.gif,https://www.dropbox.com/s/03xh4234q73hczr/v5_udp_test_103.gif?dl=1
utesting_154.gif,https://www.dropbox.com/s/kbpcbs88gmtx0rd/utesting_154.gif?dl=1
fp12_74.gif,https://www.dropbox.com/s/4moypyxwbqdpbom/fp12_74.gif?dl=1
discv4cmd_258.gif,https://www.dropbox.com/s/dxdfn50dilqwan2/discv4cmd_258.gif?dl=1
accessors_snapshot_145.gif,https://www.dropbox.com/s/brw0t7169ex9c26/accessors_snapshot_145.gif?dl=1
bench_test_137.gif,https://www.dropbox.com/s/thogf4x3rax5xb6/bench_test_137.gif?dl=1
worker_661.gif,https://www.dropbox.com/s/gtcv4bigdenyuzj/worker_661.gif?dl=1
crawl_42.gif,https://www.dropbox.com/s/uwopdh0jppgjizl/crawl_42.gif?dl=1
flags_828.gif,https://www.dropbox.com/s/5ofc9zx6jqewk0f/flags_828.gif?dl=1
bytes_test_60.gif,https://www.dropbox.com/s/u93bs2a9jl4tzse/bytes_test_60.gif?dl=1
test_cmd_38.gif,https://www.dropbox.com/s/kpitqotm3na1k7g/test_cmd_38.gif?dl=1
jump_table_213.gif,https://www.dropbox.com/s/os79929aztr08y7/jump_table_213.gif?dl=1
g1_test_55.gif,https://www.dropbox.com/s/49kq7ck0nvidxla/g1_test_55.gif?dl=1
enr_158.gif,https://www.dropbox.com/s/4o6041lit30u1ly/enr_158.gif?dl=1
gfp2_62.gif,https://www.dropbox.com/s/rfgj8nlg7i3cr7g/gfp2_62.gif?dl=1
suite_366.gif,https://www.dropbox.com/s/jqouvjyxd8pvq5y/suite_366.gif?dl=1
connect_test_135.gif,https://www.dropbox.com/s/1na1pntq1ghp9vd/connect_test_135.gif?dl=1
tracer_327.gif,https://www.dropbox.com/s/85wi5jj9tszp2fs/tracer_327.gif?dl=1
bls12381_fuzz_34.gif,https://www.dropbox.com/s/6nyaoqhvc8cu5so/bls12381_fuzz_34.gif?dl=1
message_test_25.gif,https://www.dropbox.com/s/o7mrw3plwaqxqb9/message_test_25.gif?dl=1
nodedb_304.gif,https://www.dropbox.com/s/stf3q0c0g1p1oe1/nodedb_304.gif?dl=1
costtracker_478.gif,https://www.dropbox.com/s/xr2y8fqfhm41pvu/costtracker_478.gif?dl=1
precompile_fuzzer_38.gif,https://www.dropbox.com/s/m1fkb3pqkb52oiz/precompile_fuzzer_38.gif?dl=1
accessors_snapshot_182.gif,https://www.dropbox.com/s/wvetcgip4d5i7sm/accessors_snapshot_182.gif?dl=1
ecies_test_189.gif,https://www.dropbox.com/s/bygsvahqdc59tj9/ecies_test_189.gif?dl=1
arithmetic_fallback_184.gif,https://www.dropbox.com/s/k51kvv2chjwgsh7/arithmetic_fallback_184.gif?dl=1
curve_49.gif,https://www.dropbox.com/s/b9a6qci0j3i0lg2/curve_49.gif?dl=1
state_object_421.gif,https://www.dropbox.com/s/zlvzquc6d2x1ii7/state_object_421.gif?dl=1
handler_23.gif,https://www.dropbox.com/s/yx2nfa4otjmvdes/handler_23.gif?dl=1
blockchain_663.gif,https://www.dropbox.com/s/m0z6a9670c1k9ap/blockchain_663.gif?dl=1
fp_test_547.gif,https://www.dropbox.com/s/18kdeerdfn2mayo/fp_test_547.gif?dl=1
crypto_test_204.gif,https://www.dropbox.com/s/m1xbmcwhcubggk5/crypto_test_204.gif?dl=1
framework_38.gif,https://www.dropbox.com/s/8hjf85rcu8jbrl6/framework_38.gif?dl=1
proof_test_193.gif,https://www.dropbox.com/s/mfx6ldvemx6p3gb/proof_test_193.gif?dl=1
g1_115.gif,https://www.dropbox.com/s/oigjlw4d95lk79n/g1_115.gif?dl=1
blockchain_snapshot_test_571.gif,https://www.dropbox.com/s/1zjg3jamvo4ajzz/blockchain_snapshot_test_571.gif?dl=1
blockchain_repair_test_389.gif,https://www.dropbox.com/s/qbat90z1n29jq1h/blockchain_repair_test_389.gif?dl=1
manager_209.gif,https://www.dropbox.com/s/c6ky4dkiyhknbr2/manager_209.gif?dl=1
jump_table_175.gif,https://www.dropbox.com/s/1vm12n4zebzan74/jump_table_175.gif?dl=1
network_709.gif,https://www.dropbox.com/s/m8ugm2p5vxxox3v/network_709.gif?dl=1
sample_383.gif,https://www.dropbox.com/s/ud52agc91vudxgf/sample_383.gif?dl=1
wizard_genesis_38.gif,https://www.dropbox.com/s/rorec3mjyc3db7f/wizard_genesis_38.gif?dl=1
optate_307.gif,https://www.dropbox.com/s/wicibnudwl9h5v5/optate_307.gif?dl=1
swu_68.gif,https://www.dropbox.com/s/ihoz62gun4go6zw/swu_68.gif?dl=1
mocker_test_32.gif,https://www.dropbox.com/s/15wqw6shnq7v2rv/mocker_test_32.gif?dl=1
storage_47.gif,https://www.dropbox.com/s/sb6yqmauvmbdbq6/storage_47.gif?dl=1
gen_btheader_59.gif,https://www.dropbox.com/s/icuhfe4d6e8c54a/gen_btheader_59.gif?dl=1
worker_275.gif,https://www.dropbox.com/s/1rvg8synbt8a8lz/worker_275.gif?dl=1
g2_203.gif,https://www.dropbox.com/s/5zsxsxst87k5by0/g2_203.gif?dl=1
blake2b_155.gif,https://www.dropbox.com/s/bjzorkrxjp1ked9/blake2b_155.gif?dl=1
generator_test_28.gif,https://www.dropbox.com/s/8zmajtvz1vue3lr/generator_test_28.gif?dl=1
transaction_args_247.gif,https://www.dropbox.com/s/vy79p3yhonhty6u/transaction_args_247.gif?dl=1
blake2bAVX2_amd64_489.gif,https://www.dropbox.com/s/xi9zlmsmq04o4rs/blake2bAVX2_amd64_489.gif?dl=1
sync_test_343.gif,https://www.dropbox.com/s/e8m76qwi6tnslyl/sync_test_343.gif?dl=1
transition_287.gif,https://www.dropbox.com/s/tmcg8kzdql5vnjx/transition_287.gif?dl=1
api_189.gif,https://www.dropbox.com/s/if2s5phu8rbhveh/api_189.gif?dl=1
journal_142.gif,https://www.dropbox.com/s/mhsc13a1o44siyv/journal_142.gif?dl=1
contracts_162.gif,https://www.dropbox.com/s/ugrjuavy0zt6ehs/contracts_162.gif?dl=1
unconfirmed_test_28.gif,https://www.dropbox.com/s/149dr99kuetwxke/unconfirmed_test_28.gif?dl=1
tx_pool_test_497.gif,https://www.dropbox.com/s/cai8haf95asdj3m/tx_pool_test_497.gif?dl=1
utesting_192.gif,https://www.dropbox.com/s/oibqxn20mpx0ebv/utesting_192.gif?dl=1
bls12381_fuzz_185.gif,https://www.dropbox.com/s/w8dknqd7ws762re/bls12381_fuzz_185.gif?dl=1
benchmark_96.gif,https://www.dropbox.com/s/f319wjnd33waoip/benchmark_96.gif?dl=1
flags_1918.gif,https://www.dropbox.com/s/vjhslxlbq2hzzxb/flags_1918.gif?dl=1
table_util_test_75.gif,https://www.dropbox.com/s/z7pbgab74ekdvhb/table_util_test_75.gif?dl=1
fillset_test_35.gif,https://www.dropbox.com/s/x2dfl6y1soq10ti/fillset_test_35.gif?dl=1
topics_30.gif,https://www.dropbox.com/s/qzq7ywotgktyl8n/topics_30.gif?dl=1
dial_test_119.gif,https://www.dropbox.com/s/9p2b10spsej1fqb/dial_test_119.gif?dl=1
registry_test_59.gif,https://www.dropbox.com/s/7h5futyhr501bpx/registry_test_59.gif?dl=1
tx_pool_1747.gif,https://www.dropbox.com/s/anueaqn758di5ib/tx_pool_1747.gif?dl=1
les-fuzzer_146.gif,https://www.dropbox.com/s/2616mqf4jc7istx/les-fuzzer_146.gif?dl=1
nodestate_test_133.gif,https://www.dropbox.com/s/97oz6gcqg9lyx7d/nodestate_test_133.gif?dl=1
freezer_293.gif,https://www.dropbox.com/s/mpwpuispj0vs2s0/freezer_293.gif?dl=1
assets_417.gif,https://www.dropbox.com/s/jct43ji1zkhx6no/assets_417.gif?dl=1
bloom9_80.gif,https://www.dropbox.com/s/l4zpllqsxhf4vli/bloom9_80.gif?dl=1
keystore_test_153.gif,https://www.dropbox.com/s/3tsarmyujbcjnrd/keystore_test_153.gif?dl=1
gfp2_98.gif,https://www.dropbox.com/s/kx93415gdsc32x6/gfp2_98.gif?dl=1
memorydb_49.gif,https://www.dropbox.com/s/qfjmvdvqfkyahri/memorydb_49.gif?dl=1
flags_1313.gif,https://www.dropbox.com/s/5fac22x3j9p2jof/flags_1313.gif?dl=1
bn256_169.gif,https://www.dropbox.com/s/iekmxnqzf97qsg0/bn256_169.gif?dl=1
miner_test_174.gif,https://www.dropbox.com/s/o4wcar2l46axidr/miner_test_174.gif?dl=1
ci_694.gif,https://www.dropbox.com/s/pfa5blswwy2z7w3/ci_694.gif?dl=1
helpers_512.gif,https://www.dropbox.com/s/ckmg1buycrjl49z/helpers_512.gif?dl=1
expiredvalue_test_121.gif,https://www.dropbox.com/s/0ovagorxqe78qnc/expiredvalue_test_121.gif?dl=1
msgrate_148.gif,https://www.dropbox.com/s/kjiyps9isk6ukmc/msgrate_148.gif?dl=1
websocket_253.gif,https://www.dropbox.com/s/1em6awae621ntyp/websocket_253.gif?dl=1
idscheme_79.gif,https://www.dropbox.com/s/pezkgj5vlkp7a6z/idscheme_79.gif?dl=1
rlpx_119.gif,https://www.dropbox.com/s/344zd8mzozb5l4k/rlpx_119.gif?dl=1
hasher_154.gif,https://www.dropbox.com/s/xrg0t9ugwabi2mk/hasher_154.gif?dl=1
registry_test_222.gif,https://www.dropbox.com/s/bzu6fkuo1e8eg8o/registry_test_222.gif?dl=1
secure_trie_test_107.gif,https://www.dropbox.com/s/9l1vo5avvzmovju/secure_trie_test_107.gif?dl=1
http_test_362.gif,https://www.dropbox.com/s/t2t8jkpmqxc6jj2/http_test_362.gif?dl=1
arithmetic_fallback_346.gif,https://www.dropbox.com/s/t4jde9g5u2mpzfh/arithmetic_fallback_346.gif?dl=1
wallet_305.gif,https://www.dropbox.com/s/p2ftgvjd7kosya9/wallet_305.gif?dl=1
gfp12_20.gif,https://www.dropbox.com/s/b2qhgmwoj1rvfgq/gfp12_20.gif?dl=1
trie_prefetcher_test_27.gif,https://www.dropbox.com/s/ueynr275biox83s/trie_prefetcher_test_27.gif?dl=1
healthcheck_12.gif,https://www.dropbox.com/s/tz87wprxfpy6sfk/healthcheck_12.gif?dl=1
access_list_tx_36.gif,https://www.dropbox.com/s/i4b16jdiwih9vm4/access_list_tx_36.gif?dl=1
txpool_286.gif,https://www.dropbox.com/s/nr05pnd55gv6ydc/txpool_286.gif?dl=1
raw_32.gif,https://www.dropbox.com/s/jedgp36i6yyebov/raw_32.gif?dl=1
iter_test_121.gif,https://www.dropbox.com/s/u2m4ta0riqfkl44/iter_test_121.gif?dl=1
blockchain_847.gif,https://www.dropbox.com/s/qvplg9flolt21o8/blockchain_847.gif?dl=1
fp6_194.gif,https://www.dropbox.com/s/5nebn92z34efs9y/fp6_194.gif?dl=1
worker_699.gif,https://www.dropbox.com/s/ftgkxtwrgzobb71/worker_699.gif?dl=1
crawl_104.gif,https://www.dropbox.com/s/6tobl29cg6it2ib/crawl_104.gif?dl=1
blake2b_52.gif,https://www.dropbox.com/s/9dve8zx1ag5pfka/blake2b_52.gif?dl=1
difflayer_213.gif,https://www.dropbox.com/s/ep1wbko6lfz0q74/difflayer_213.gif?dl=1
http_619.gif,https://www.dropbox.com/s/0r8h12nn3cics62/http_619.gif?dl=1
fp_test_1285.gif,https://www.dropbox.com/s/wietws7ss0ou9g1/fp_test_1285.gif?dl=1
sample_419.gif,https://www.dropbox.com/s/1xxonqgc3xc5izz/sample_419.gif?dl=1
contracts_404.gif,https://www.dropbox.com/s/nmnv773q2u7d8eu/contracts_404.gif?dl=1
testlog_63.gif,https://www.dropbox.com/s/lwvzhzyh7wxckgz/testlog_63.gif?dl=1
bitutil_test_154.gif,https://www.dropbox.com/s/tgjfovbt66koxov/bitutil_test_154.gif?dl=1
graphql_1055.gif,https://www.dropbox.com/s/wunzcn6n86lg6ta/graphql_1055.gif?dl=1
inproc_176.gif,https://www.dropbox.com/s/hwjfqeqm8yumr2v/inproc_176.gif?dl=1
handler_test_472.gif,https://www.dropbox.com/s/41apldgkohjn1q7/handler_test_472.gif?dl=1
tx_fetcher_test_1015.gif,https://www.dropbox.com/s/adqwmsmj8bbar59/tx_fetcher_test_1015.gif?dl=1
http_test_83.gif,https://www.dropbox.com/s/gu1osi1puz8jlzz/http_test_83.gif?dl=1
downloader_test_346.gif,https://www.dropbox.com/s/u32uzque6earna5/downloader_test_346.gif?dl=1
blockchain_sethead_test_688.gif,https://www.dropbox.com/s/zn6asttx4izjvio/blockchain_sethead_test_688.gif?dl=1
suite_229.gif,https://www.dropbox.com/s/l26yjrwv51pn1kn/suite_229.gif?dl=1
chaincmd_182.gif,https://www.dropbox.com/s/d4j4bp2028x9e1i/chaincmd_182.gif?dl=1
rpcstack_481.gif,https://www.dropbox.com/s/tq62pn9pl5b4v0p/rpcstack_481.gif?dl=1
graphql_616.gif,https://www.dropbox.com/s/16g6mn1dlg5iczb/graphql_616.gif?dl=1
pruner_404.gif,https://www.dropbox.com/s/xnnyucocsz2dhae/pruner_404.gif?dl=1
tree_81.gif,https://www.dropbox.com/s/fy0jowfjw7pnx36/tree_81.gif?dl=1
fp6_235.gif,https://www.dropbox.com/s/k7cq9yxmkz6lkx6/fp6_235.gif?dl=1
websocket_48.gif,https://www.dropbox.com/s/b2f7vgobjqsard2/websocket_48.gif?dl=1
helpers_465.gif,https://www.dropbox.com/s/k92hwjg2fisptud/helpers_465.gif?dl=1
arithmetic_fallback_227.gif,https://www.dropbox.com/s/7ohuzy5lxmnnkao/arithmetic_fallback_227.gif?dl=1
ethash_test_33.gif,https://www.dropbox.com/s/gb80e7sydgxmfna/ethash_test_33.gif?dl=1
suite_572.gif,https://www.dropbox.com/s/h2a8hcgfyhzy2vu/suite_572.gif?dl=1
v5_udp_124.gif,https://www.dropbox.com/s/tv4e3yldnz6iiem/v5_udp_124.gif?dl=1
fetcher_test_102.gif,https://www.dropbox.com/s/5i3wnclhmiil8v4/fetcher_test_102.gif?dl=1
decode_test_1098.gif,https://www.dropbox.com/s/vmzo14j237wsx64/decode_test_1098.gif?dl=1
version_check_55.gif,https://www.dropbox.com/s/sb0kj6zjwe4ern0/version_check_55.gif?dl=1
peer_1231.gif,https://www.dropbox.com/s/vj70wiqgcxuhypm/peer_1231.gif?dl=1
net_test_117.gif,https://www.dropbox.com/s/8uq40tfhohloqwn/net_test_117.gif?dl=1
encode_test_36.gif,https://www.dropbox.com/s/z2kc8lu300xkx9r/encode_test_36.gif?dl=1
url_43.gif,https://www.dropbox.com/s/27lls0a46u67xoy/url_43.gif?dl=1
exec_queue_67.gif,https://www.dropbox.com/s/62yhnjr88smjfj7/exec_queue_67.gif?dl=1
net_test_70.gif,https://www.dropbox.com/s/ujafvm3bvbs0sl5/net_test_70.gif?dl=1
account_cache_193.gif,https://www.dropbox.com/s/av96emgst3a6vul/account_cache_193.gif?dl=1
leveldb_260.gif,https://www.dropbox.com/s/92aa0oiz7p2mbi1/leveldb_260.gif?dl=1
blake2b_test_16.gif,https://www.dropbox.com/s/ls4eolgmtdd27eu/blake2b_test_16.gif?dl=1
ci_250.gif,https://www.dropbox.com/s/ldb6o2nhpdm63lm/ci_250.gif?dl=1
g1_68.gif,https://www.dropbox.com/s/a9rf8zevs71ht1e/g1_68.gif?dl=1
tx_fetcher_test_303.gif,https://www.dropbox.com/s/afzk0sh5xtv9d0z/tx_fetcher_test_303.gif?dl=1
decode_557.gif,https://www.dropbox.com/s/jerv8owdukkxsj8/decode_557.gif?dl=1
field_element_204.gif,https://www.dropbox.com/s/97i0yrqa8jsa51l/field_element_204.gif?dl=1
suite_610.gif,https://www.dropbox.com/s/rs97oompguz0ttl/suite_610.gif?dl=1
feed_test_127.gif,https://www.dropbox.com/s/ura1dys8x1m5mzz/feed_test_127.gif?dl=1
sample_578.gif,https://www.dropbox.com/s/qtot6gibqzr37ps/sample_578.gif?dl=1
iterator_binary_155.gif,https://www.dropbox.com/s/pzdcebjjt8xawjd/iterator_binary_155.gif?dl=1
inproc_test_139.gif,https://www.dropbox.com/s/rudo75mqb6voppy/inproc_test_139.gif?dl=1
consolecmd_75.gif,https://www.dropbox.com/s/bkpci7kkhe7tpes/consolecmd_75.gif?dl=1
sample_test_57.gif,https://www.dropbox.com/s/tj7v66unvoembzv/sample_test_57.gif?dl=1
inproc_215.gif,https://www.dropbox.com/s/wpilxvfh1xn0txa/inproc_215.gif?dl=1
update-license_242.gif,https://www.dropbox.com/s/z2eczlm9onwejwn/update-license_242.gif?dl=1
manager_169.gif,https://www.dropbox.com/s/ntok60x8vikt46r/manager_169.gif?dl=1
abi_45.gif,https://www.dropbox.com/s/xaitf3xc90pqwge/abi_45.gif?dl=1
idscheme_44.gif,https://www.dropbox.com/s/m4245svd2etzqpu/idscheme_44.gif?dl=1
nodestate_test_332.gif,https://www.dropbox.com/s/4quahbobqafzhqq/nodestate_test_332.gif?dl=1
committer_175.gif,https://www.dropbox.com/s/zqzfdcmxu2vetdw/committer_175.gif?dl=1
keystore_test_346.gif,https://www.dropbox.com/s/2z1bkenyjypq288/keystore_test_346.gif?dl=1
statedb_127.gif,https://www.dropbox.com/s/q74md65xv4qj9qc/statedb_127.gif?dl=1
console_80.gif,https://www.dropbox.com/s/mhl6y50mnomhawb/console_80.gif?dl=1
ecies_61.gif,https://www.dropbox.com/s/0x781f04um5yge6/ecies_61.gif?dl=1
miner_test_138.gif,https://www.dropbox.com/s/5lo7x9idpk48z7w/miner_test_138.gif?dl=1
gauge_62.gif,https://www.dropbox.com/s/0q6rnufl7ydmmxc/gauge_62.gif?dl=1
g1_test_137.gif,https://www.dropbox.com/s/5xaua453p8j7jnm/g1_test_137.gif?dl=1
tx_fetcher_test_166.gif,https://www.dropbox.com/s/s7j5hzgr062f1h3/tx_fetcher_test_166.gif?dl=1
4byte_146931.gif,https://www.dropbox.com/s/gevze08mj749qbs/4byte_146931.gif?dl=1
graphql_45.gif,https://www.dropbox.com/s/3xy9913bwabvhn4/graphql_45.gif?dl=1
gethclient_test_133.gif,https://www.dropbox.com/s/u2q9juas56uhr8f/gethclient_test_133.gif?dl=1
dial_test_155.gif,https://www.dropbox.com/s/62l2ct9srzk2d7y/dial_test_155.gif?dl=1
test_cmd_225.gif,https://www.dropbox.com/s/zmikfmojx6nuivr/test_cmd_225.gif?dl=1
net_72.gif,https://www.dropbox.com/s/g8hv3klzxwnt8xt/net_72.gif?dl=1
dial_test_627.gif,https://www.dropbox.com/s/6ez0zitcp0m5w0v/dial_test_627.gif?dl=1
http_657.gif,https://www.dropbox.com/s/9mcqq0uglaoph6y/http_657.gif?dl=1
encode_test_368.gif,https://www.dropbox.com/s/fdqq97e9ga3k4mw/encode_test_368.gif?dl=1
resetting_timer_60.gif,https://www.dropbox.com/s/so2g1scpqyv3jy8/resetting_timer_60.gif?dl=1
clientpool_test_33.gif,https://www.dropbox.com/s/i6oyydkzfxqtlbi/clientpool_test_33.gif?dl=1
prque_test_15.gif,https://www.dropbox.com/s/w2dgid53r29zuvj/prque_test_15.gif?dl=1
block_141.gif,https://www.dropbox.com/s/y8jjy4cnkz6brqc/block_141.gif?dl=1
meter_63.gif,https://www.dropbox.com/s/ctbeqv9k3fv3h3x/meter_63.gif?dl=1
fp_test_867.gif,https://www.dropbox.com/s/grhd02orp1gwiv0/fp_test_867.gif?dl=1
test_cmd_190.gif,https://www.dropbox.com/s/ama0pu3f5zefu11/test_cmd_190.gif?dl=1
sample_47.gif,https://www.dropbox.com/s/mpilfjuq4n149h3/sample_47.gif?dl=1
ecies_145.gif,https://www.dropbox.com/s/b3acert0xkdq3pj/ecies_145.gif?dl=1
timer_191.gif,https://www.dropbox.com/s/uycxvps2du9axol/timer_191.gif?dl=1
wizard_186.gif,https://www.dropbox.com/s/ekprdirz98c78fl/wizard_186.gif?dl=1
wizard_94.gif,https://www.dropbox.com/s/9pcpwuwytp4qq6v/wizard_94.gif?dl=1
disk_linux_30.gif,https://www.dropbox.com/s/mzbxz4dlyrwvn0c/disk_linux_30.gif?dl=1
tx_pool_1455.gif,https://www.dropbox.com/s/zsb2j9oufzyzwl9/tx_pool_1455.gif?dl=1
messages-management_427.gif,https://www.dropbox.com/s/r74aapc7py9jnot/messages-management_427.gif?dl=1
handler_eth_38.gif,https://www.dropbox.com/s/qacgmq4fes6ja9b/handler_eth_38.gif?dl=1
queue_test_194.gif,https://www.dropbox.com/s/zcoj5dee7r3d7xd/queue_test_194.gif?dl=1
decode_test_230.gif,https://www.dropbox.com/s/eise55mtk1g8sz0/decode_test_230.gif?dl=1
bn256_test_160.gif,https://www.dropbox.com/s/gzsnvsgjb0p4esu/bn256_test_160.gif?dl=1
lexer_97.gif,https://www.dropbox.com/s/pcs0np068lpsbnc/lexer_97.gif?dl=1
freezer_table_test_696.gif,https://www.dropbox.com/s/vn4loeaut0u5ytb/freezer_table_test_696.gif?dl=1
suite_89.gif,https://www.dropbox.com/s/tcy8gre1xolytf9/suite_89.gif?dl=1
network_745.gif,https://www.dropbox.com/s/yyky5oa1fqt349k/network_745.gif?dl=1
bn256_252.gif,https://www.dropbox.com/s/zxkywp2d5t7iiqt/bn256_252.gif?dl=1
rpcstack_182.gif,https://www.dropbox.com/s/e37sc11jpjw3o1h/rpcstack_182.gif?dl=1
balance_test_393.gif,https://www.dropbox.com/s/13nkq8sf0zpo1uo/balance_test_393.gif?dl=1
vyper_test_23.gif,https://www.dropbox.com/s/v522zanwi13uy0r/vyper_test_23.gif?dl=1
bench_test_36.gif,https://www.dropbox.com/s/cozgmjy5hintal0/bench_test_36.gif?dl=1
stdio_28.gif,https://www.dropbox.com/s/vbl2hqlfnb3kw1z/stdio_28.gif?dl=1
hashing_39.gif,https://www.dropbox.com/s/0539jbfqbry4wov/hashing_39.gif?dl=1
compiler_test_22.gif,https://www.dropbox.com/s/x3ab0utvkj131bt/compiler_test_22.gif?dl=1
bn256_77.gif,https://www.dropbox.com/s/z0z7vzzs836tay6/bn256_77.gif?dl=1
website_172.gif,https://www.dropbox.com/s/pjvsq7v02v64ovk/website_172.gif?dl=1
raw_69.gif,https://www.dropbox.com/s/fwpzdi48uickxel/raw_69.gif?dl=1
nodesetcmd_98.gif,https://www.dropbox.com/s/2b8ximu1x5er9jl/nodesetcmd_98.gif?dl=1
table_util_test_145.gif,https://www.dropbox.com/s/xrhy47k3ka9suqk/table_util_test_145.gif?dl=1
stacktrie_86.gif,https://www.dropbox.com/s/aa3shs7zx7sfg52/stacktrie_86.gif?dl=1
proof_test_530.gif,https://www.dropbox.com/s/akv07ve1pb7myj7/proof_test_530.gif?dl=1
queue_145.gif,https://www.dropbox.com/s/hi1dboldxy7stuc/queue_145.gif?dl=1
customflags_75.gif,https://www.dropbox.com/s/te18d3nl6ukc58k/customflags_75.gif?dl=1
ci_154.gif,https://www.dropbox.com/s/xjflz09jwu6dus0/ci_154.gif?dl=1
nodedb_406.gif,https://www.dropbox.com/s/23lgy2o0pdwzy1o/nodedb_406.gif?dl=1
bindata_17.gif,https://www.dropbox.com/s/w0woa305jjzcjnh/bindata_17.gif?dl=1
influxdbv2_86.gif,https://www.dropbox.com/s/cdyn4ypeecduv8x/influxdbv2_86.gif?dl=1
meter_test_49.gif,https://www.dropbox.com/s/6naevrbvee88ccy/meter_test_49.gif?dl=1
blake2bAVX2_amd64_217.gif,https://www.dropbox.com/s/2pr1x9zmfq3vk8j/blake2bAVX2_amd64_217.gif?dl=1
inproc_test_28.gif,https://www.dropbox.com/s/imcge63teizp9ee/inproc_test_28.gif?dl=1
freezer_table_test_253.gif,https://www.dropbox.com/s/by29kcn93penqnj/freezer_table_test_253.gif?dl=1
simclock_94.gif,https://www.dropbox.com/s/mfpkl9btooyqk8u/simclock_94.gif?dl=1
transaction_marshalling_53.gif,https://www.dropbox.com/s/51mebbx98u52irx/transaction_marshalling_53.gif?dl=1
contracts_273.gif,https://www.dropbox.com/s/bpva4g9yq7pdjh9/contracts_273.gif?dl=1
histogram_test_4.gif,https://www.dropbox.com/s/w9vjxf2t5oqssfi/histogram_test_4.gif?dl=1
histogram_134.gif,https://www.dropbox.com/s/4buqrpw45lofs5y/histogram_134.gif?dl=1
table_util_test_190.gif,https://www.dropbox.com/s/fqbhs3w7xeiuv2p/table_util_test_190.gif?dl=1
nodesetcmd_59.gif,https://www.dropbox.com/s/nl7obyb1edrgy0n/nodesetcmd_59.gif?dl=1
blake2b_279.gif,https://www.dropbox.com/s/osep60nudz8js6y/blake2b_279.gif?dl=1
difflayer_79.gif,https://www.dropbox.com/s/va0kkrueoq1c1vi/difflayer_79.gif?dl=1
discv4cmd_206.gif,https://www.dropbox.com/s/hjjg68dp33oi7ol/discv4cmd_206.gif?dl=1
encode_264.gif,https://www.dropbox.com/s/1wm7l3cv4180ezc/encode_264.gif?dl=1
clientdb_test_86.gif,https://www.dropbox.com/s/zw96h0rv6achawg/clientdb_test_86.gif?dl=1
tracer_194.gif,https://www.dropbox.com/s/i5evr1pekiuw4g1/tracer_194.gif?dl=1
stacktrie_121.gif,https://www.dropbox.com/s/kwl3uwcmd12zr5x/stacktrie_121.gif?dl=1
types_36.gif,https://www.dropbox.com/s/3ozvwi8waj26ryh/types_36.gif?dl=1
tx_pool_333.gif,https://www.dropbox.com/s/omg7hv9bgquhx0j/tx_pool_333.gif?dl=1
queue_test_380.gif,https://www.dropbox.com/s/32foqiqr5mgrx7q/queue_test_380.gif?dl=1
suite_728.gif,https://www.dropbox.com/s/psz1219gg8irq0w/suite_728.gif?dl=1
blake2bAVX2_amd64_175.gif,https://www.dropbox.com/s/8rnb03305z17ja7/blake2bAVX2_amd64_175.gif?dl=1
block_fetcher_331.gif,https://www.dropbox.com/s/q0t3uefigspynvz/block_fetcher_331.gif?dl=1
assets_262.gif,https://www.dropbox.com/s/w7aoux8xjsseocm/assets_262.gif?dl=1
net_test_28.gif,https://www.dropbox.com/s/f84e2mgoo510fe1/net_test_28.gif?dl=1
format_33.gif,https://www.dropbox.com/s/7msac0vr34sedqh/format_33.gif?dl=1
ewma_test_7.gif,https://www.dropbox.com/s/yocexcpd6u7w4ul/ewma_test_7.gif?dl=1
statesync_48.gif,https://www.dropbox.com/s/c5ha3lrrs6jdvcl/statesync_48.gif?dl=1
mclock_79.gif,https://www.dropbox.com/s/semw1ur0ycj0opp/mclock_79.gif?dl=1
console_test_286.gif,https://www.dropbox.com/s/ekwqmwd0ulbnewg/console_test_286.gif?dl=1
ethstats_463.gif,https://www.dropbox.com/s/w3g7qser2kf2drb/ethstats_463.gif?dl=1
balance_test_144.gif,https://www.dropbox.com/s/bgsn4cyf3fz37sj/balance_test_144.gif?dl=1
sample_130.gif,https://www.dropbox.com/s/jp8kro41d6qcjpu/sample_130.gif?dl=1
gen_btheader_17.gif,https://www.dropbox.com/s/pg2bftabxjet2tn/gen_btheader_17.gif?dl=1
iter_test_232.gif,https://www.dropbox.com/s/094bd4yj7erp6da/iter_test_232.gif?dl=1
worker_549.gif,https://www.dropbox.com/s/ilz3lx5gj5p4czl/worker_549.gif?dl=1
wizard_146.gif,https://www.dropbox.com/s/3igs7b8d8np1wlj/wizard_146.gif?dl=1
dial_test_585.gif,https://www.dropbox.com/s/h21uxoj6xnxaf0i/dial_test_585.gif?dl=1
metrics_test_19.gif,https://www.dropbox.com/s/6eq4ra9gd0es2hb/metrics_test_19.gif?dl=1
messages-management_357.gif,https://www.dropbox.com/s/pysvccyniort90m/messages-management_357.gif?dl=1
field_element_test_9.gif,https://www.dropbox.com/s/mwymd9k3yjl4ru7/field_element_test_9.gif?dl=1
tx_fetcher_test_762.gif,https://www.dropbox.com/s/irpyrjpst6gg9dz/tx_fetcher_test_762.gif?dl=1
lightchain_174.gif,https://www.dropbox.com/s/ek98ay4kzw59w13/lightchain_174.gif?dl=1
simclock_133.gif,https://www.dropbox.com/s/qe7f6rf20hnhl30/simclock_133.gif?dl=1
txrelay_39.gif,https://www.dropbox.com/s/jgs3px8jn0fzj14/txrelay_39.gif?dl=1
ethash_375.gif,https://www.dropbox.com/s/zfp9f7yxmkg6uoq/ethash_375.gif?dl=1
network_test_812.gif,https://www.dropbox.com/s/7mayadzvjnrxa70/network_test_812.gif?dl=1
feed_94.gif,https://www.dropbox.com/s/xpwu267pp1s9b2f/feed_94.gif?dl=1
utesting_49.gif,https://www.dropbox.com/s/c3vkb5gpvzfmzub/utesting_49.gif?dl=1
sample_86.gif,https://www.dropbox.com/s/mgwtovkv5pycxrr/sample_86.gif?dl=1
protocol_test_73.gif,https://www.dropbox.com/s/1puvgnilxysjddx/protocol_test_73.gif?dl=1
secp256_test_18.gif,https://www.dropbox.com/s/ml8ehbsx6k1y6fa/secp256_test_18.gif?dl=1
fp_test_695.gif,https://www.dropbox.com/s/olzx5pfjic64rip/fp_test_695.gif?dl=1
ethclient_test_189.gif,https://www.dropbox.com/s/f4dk63nkurpwjnk/ethclient_test_189.gif?dl=1
discv4tests_89.gif,https://www.dropbox.com/s/vjun7jxvdxtpw6u/discv4tests_89.gif?dl=1
encoding_test_79.gif,https://www.dropbox.com/s/s8p3q3w3cpv8txe/encoding_test_79.gif?dl=1
blockchain_repair_test_477.gif,https://www.dropbox.com/s/m7ltbei6qapyy99/blockchain_repair_test_477.gif?dl=1
msg_148.gif,https://www.dropbox.com/s/jea8kcx5ktpsuhd/msg_148.gif?dl=1
statedb_290.gif,https://www.dropbox.com/s/iyov4fnxsk9q90m/statedb_290.gif?dl=1
blockchain_sethead_test_377.gif,https://www.dropbox.com/s/av77yskkzpgock3/blockchain_sethead_test_377.gif?dl=1
session_59.gif,https://www.dropbox.com/s/texl3ctg9q9hyz5/session_59.gif?dl=1
connect_test_85.gif,https://www.dropbox.com/s/cwkspvuvmgnphij/connect_test_85.gif?dl=1
iter_test_192.gif,https://www.dropbox.com/s/y4uky15debo7x4k/iter_test_192.gif?dl=1
fp12_241.gif,https://www.dropbox.com/s/zua9pk3dpqvzknj/fp12_241.gif?dl=1
network_140.gif,https://www.dropbox.com/s/ga5cdcf2jjnb66x/network_140.gif?dl=1
iterator_binary_118.gif,https://www.dropbox.com/s/9ud3mu5f893c2bz/iterator_binary_118.gif?dl=1
tx_pool_test_546.gif,https://www.dropbox.com/s/t4085irj94bi0f0/tx_pool_test_546.gif?dl=1
fp_test_736.gif,https://www.dropbox.com/s/wqiu63xzlcinb2d/fp_test_736.gif?dl=1
rlp_test_71.gif,https://www.dropbox.com/s/n6qht499m0mqko3/rlp_test_71.gif?dl=1
sync_test_245.gif,https://www.dropbox.com/s/c5s90qa0br9m8uq/sync_test_245.gif?dl=1
bn256_127.gif,https://www.dropbox.com/s/8jbq10419t22vrr/bn256_127.gif?dl=1
wizard_genesis_144.gif,https://www.dropbox.com/s/bjnio8kkq6i4l2t/wizard_genesis_144.gif?dl=1
iterator_fast_174.gif,https://www.dropbox.com/s/jwvb4ztoqwyiokk/iterator_fast_174.gif?dl=1
gen_config_108.gif,https://www.dropbox.com/s/084gobltunde7ai/gen_config_108.gif?dl=1
leveldb_188.gif,https://www.dropbox.com/s/3z6tiwjrvfrlb3y/leveldb_188.gif?dl=1
website_94.gif,https://www.dropbox.com/s/3ko68de0lgzqlo7/website_94.gif?dl=1
receipt_test_119.gif,https://www.dropbox.com/s/i7h57pj365ckqqd/receipt_test_119.gif?dl=1
module_faucet_163.gif,https://www.dropbox.com/s/sj2lv60kom2tlyx/module_faucet_163.gif?dl=1
v5_udp_541.gif,https://www.dropbox.com/s/61e6tt04p4lc4vq/v5_udp_541.gif?dl=1
messages-ethereum_290.gif,https://www.dropbox.com/s/xhp4hmm2e43cuzg/messages-ethereum_290.gif?dl=1
framework_73.gif,https://www.dropbox.com/s/y9cc09jm8qr5s5t/framework_73.gif?dl=1
gfp12_132.gif,https://www.dropbox.com/s/durpm06df6c4soo/gfp12_132.gif?dl=1
tx_fetcher_test_376.gif,https://www.dropbox.com/s/ju2vsik3jb8703g/tx_fetcher_test_376.gif?dl=1
bridge_383.gif,https://www.dropbox.com/s/vivmyqltduk2zzd/bridge_383.gif?dl=1
tree_189.gif,https://www.dropbox.com/s/uc6shqu6gp2e5bt/tree_189.gif?dl=1
discv4tests_409.gif,https://www.dropbox.com/s/3r9mu2s6r0xkju5/discv4tests_409.gif?dl=1
type_217.gif,https://www.dropbox.com/s/dkobzcm8q73ljym/type_217.gif?dl=1
dns_cloudflare_47.gif,https://www.dropbox.com/s/hpqmxaxynqqg1kr/dns_cloudflare_47.gif?dl=1
discv4tests_353.gif,https://www.dropbox.com/s/uumy42chrc8uuka/discv4tests_353.gif?dl=1
client_test_100.gif,https://www.dropbox.com/s/p5scdd6klq3ygpt/client_test_100.gif?dl=1
handler_106.gif,https://www.dropbox.com/s/rnmvzaf4df51ewb/handler_106.gif?dl=1
queue_test_86.gif,https://www.dropbox.com/s/yolsdfpelib25fk/queue_test_86.gif?dl=1
messages-management_636.gif,https://www.dropbox.com/s/8gt76i5u5aydxse/messages-management_636.gif?dl=1
v5_udp_test_366.gif,https://www.dropbox.com/s/e1e9jsht0xqvsam/v5_udp_test_366.gif?dl=1
jsre_222.gif,https://www.dropbox.com/s/zy6yuv0h8dwxqn4/jsre_222.gif?dl=1
test_33.gif,https://www.dropbox.com/s/rlnkvzhmy55yd5j/test_33.gif?dl=1
generator_44.gif,https://www.dropbox.com/s/j9n8q8gvphrcztz/generator_44.gif?dl=1
accessors_indexes_test_137.gif,https://www.dropbox.com/s/v940ra9ps35459a/accessors_indexes_test_137.gif?dl=1
keystore_test_284.gif,https://www.dropbox.com/s/mjl5dvkznm5obu2/keystore_test_284.gif?dl=1
sample_test_306.gif,https://www.dropbox.com/s/xa9tsuzndbw9b6k/sample_test_306.gif?dl=1
registry_14.gif,https://www.dropbox.com/s/2i9k6suqb5mf3wb/registry_14.gif?dl=1
freezer_144.gif,https://www.dropbox.com/s/xwbxu0yk0ykdjmu/freezer_144.gif?dl=1
fp2_103.gif,https://www.dropbox.com/s/0d0t944typg6tdk/fp2_103.gif?dl=1
decode_test_1007.gif,https://www.dropbox.com/s/a4xxj3cq9hfyeit/decode_test_1007.gif?dl=1
http_test_263.gif,https://www.dropbox.com/s/fy4d6smaq9rbe9v/http_test_263.gif?dl=1
v4_udp_248.gif,https://www.dropbox.com/s/4td4zvxzrrmz7iz/v4_udp_248.gif?dl=1
dnscmd_302.gif,https://www.dropbox.com/s/3qlqmybkli0wepj/dnscmd_302.gif?dl=1
stacktrie_469.gif,https://www.dropbox.com/s/c20a7s9gave4dsq/stacktrie_469.gif?dl=1
ethash_test_84.gif,https://www.dropbox.com/s/7ysxmjr8opdm42d/ethash_test_84.gif?dl=1
timer_155.gif,https://www.dropbox.com/s/rltrxmgazokdp0t/timer_155.gif?dl=1
helpers_88.gif,https://www.dropbox.com/s/3vzzt7wbt931k15/helpers_88.gif?dl=1
trie_test_378.gif,https://www.dropbox.com/s/acsz9vj5ugdcug6/trie_test_378.gif?dl=1
registry_214.gif,https://www.dropbox.com/s/5pvas8hqdtruop8/registry_214.gif?dl=1
resetting_timer_98.gif,https://www.dropbox.com/s/lz8jxfaryd20yi0/resetting_timer_98.gif?dl=1
encode_466.gif,https://www.dropbox.com/s/8usrzt8o766ta4n/encode_466.gif?dl=1
nodesetcmd_185.gif,https://www.dropbox.com/s/olh6i1e8dmd00ii/nodesetcmd_185.gif?dl=1
bn256_test_199.gif,https://www.dropbox.com/s/8cmdt3okp10p29y/bn256_test_199.gif?dl=1
decode_319.gif,https://www.dropbox.com/s/2ag5a5v5cx1kcsu/decode_319.gif?dl=1
nodedb_test_301.gif,https://www.dropbox.com/s/0guaugl9mt98y1i/nodedb_test_301.gif?dl=1
graphql_81.gif,https://www.dropbox.com/s/3a1q83ryl0fok0r/graphql_81.gif?dl=1
iterator_46.gif,https://www.dropbox.com/s/itvp7npnbvp1fyq/iterator_46.gif?dl=1
bench_test_186.gif,https://www.dropbox.com/s/22f9fjbewbzkoga/bench_test_186.gif?dl=1
keystore_test_118.gif,https://www.dropbox.com/s/n3s8mrklzl1qqw6/keystore_test_118.gif?dl=1
backend_94.gif,https://www.dropbox.com/s/yrww66uxodi6jdm/backend_94.gif?dl=1
access_list_tracer_35.gif,https://www.dropbox.com/s/jpfkvhqlodf2o4h/access_list_tracer_35.gif?dl=1
flags_866.gif,https://www.dropbox.com/s/p61j41hh3qtzvbi/flags_866.gif?dl=1
bn256_test_238.gif,https://www.dropbox.com/s/xjyi1ancyda5yhm/bn256_test_238.gif?dl=1
peer_717.gif,https://www.dropbox.com/s/ubrpx0x0mghewsw/peer_717.gif?dl=1
primitives_31.gif,https://www.dropbox.com/s/g5leey2y6ie3rp5/primitives_31.gif?dl=1
costtracker_383.gif,https://www.dropbox.com/s/0ghfk4hb25jsi88/costtracker_383.gif?dl=1
suite_300.gif,https://www.dropbox.com/s/s0lv42g2mws9v9z/suite_300.gif?dl=1
accessors_chain_test_158.gif,https://www.dropbox.com/s/zfjdmzbvx5mio46/accessors_chain_test_158.gif?dl=1
gen_sttransaction_16.gif,https://www.dropbox.com/s/knuoqyz6hhjdclk/gen_sttransaction_16.gif?dl=1
types_184.gif,https://www.dropbox.com/s/t44ylyfvwk72280/types_184.gif?dl=1
stacktrie_41.gif,https://www.dropbox.com/s/jfqvwt302wb1noz/stacktrie_41.gif?dl=1
gauge_98.gif,https://www.dropbox.com/s/rphnx64pkhpac1h/gauge_98.gif?dl=1
instructions_test_342.gif,https://www.dropbox.com/s/8jbjzmyibvvew20/instructions_test_342.gif?dl=1
inproc_288.gif,https://www.dropbox.com/s/th6kg79cvxsngyh/inproc_288.gif?dl=1
suite_464.gif,https://www.dropbox.com/s/15fkn46pc3d6y5u/suite_464.gif?dl=1
snapshot_test_77.gif,https://www.dropbox.com/s/uzjl8gqdby3gl7x/snapshot_test_77.gif?dl=1
gfp12_94.gif,https://www.dropbox.com/s/pw1au7xqxwymw0s/gfp12_94.gif?dl=1
state_object_131.gif,https://www.dropbox.com/s/3emptq8i723mo0v/state_object_131.gif?dl=1
handler_273.gif,https://www.dropbox.com/s/zfu3w9ad4bodm44/handler_273.gif?dl=1
serverpool_test_40.gif,https://www.dropbox.com/s/lqpv9tsoc350k5n/serverpool_test_40.gif?dl=1
instructions_test_381.gif,https://www.dropbox.com/s/ajzng4a75u7h2cn/instructions_test_381.gif?dl=1
wrsiterator_test_38.gif,https://www.dropbox.com/s/dbbjukb99i3jluf/wrsiterator_test_38.gif?dl=1
client_test_249.gif,https://www.dropbox.com/s/7sf73djqkkgnldo/client_test_249.gif?dl=1
block_226.gif,https://www.dropbox.com/s/3w9bos7dvhe4hb6/block_226.gif?dl=1
version_check_112.gif,https://www.dropbox.com/s/lql7cpw1sxy5w7e/version_check_112.gif?dl=1
discv4tests_218.gif,https://www.dropbox.com/s/4m7z4bw8q8co6ry/discv4tests_218.gif?dl=1
fp6_68.gif,https://www.dropbox.com/s/lypmxrd5lz5ftcr/fp6_68.gif?dl=1
disklayer_test_513.gif,https://www.dropbox.com/s/3xtninibiz6unkt/disklayer_test_513.gif?dl=1
messages-management_1107.gif,https://www.dropbox.com/s/b7pcb02tz1d6ehj/messages-management_1107.gif?dl=1
gfp2_147.gif,https://www.dropbox.com/s/0u6lcwp5p408sko/gfp2_147.gif?dl=1
v4_udp_128.gif,https://www.dropbox.com/s/5n2uoyg0te106n3/v4_udp_128.gif?dl=1
blockchain_2088.gif,https://www.dropbox.com/s/3v50k98lb45y86e/blockchain_2088.gif?dl=1
dial_185.gif,https://www.dropbox.com/s/0f1dx81xg6x159e/dial_185.gif?dl=1
server_test_506.gif,https://www.dropbox.com/s/pewn3qipes07b4g/server_test_506.gif?dl=1
archive_43.gif,https://www.dropbox.com/s/on3n9x3akl5das1/archive_43.gif?dl=1
bitutil_150.gif,https://www.dropbox.com/s/xlcbah8vonr3cud/bitutil_150.gif?dl=1
contract_84.gif,https://www.dropbox.com/s/mblxhg8ff1bjzuc/contract_84.gif?dl=1
ewma_test_154.gif,https://www.dropbox.com/s/jvs0w7fpdwi1xdc/ewma_test_154.gif?dl=1
localnode_139.gif,https://www.dropbox.com/s/f987ymblth7s10o/localnode_139.gif?dl=1
bindata_141.gif,https://www.dropbox.com/s/s02vg0y6u4cfxbl/bindata_141.gif?dl=1
memorydb_166.gif,https://www.dropbox.com/s/vktc0oyaqhhbxoz/memorydb_166.gif?dl=1
tx_fetcher_test_229.gif,https://www.dropbox.com/s/o6s05k6l7rs37n5/tx_fetcher_test_229.gif?dl=1
rules_test_277.gif,https://www.dropbox.com/s/ggwp85n3fpb5imk/rules_test_277.gif?dl=1
console_test_49.gif,https://www.dropbox.com/s/gwyt8sjlrbfqwrc/console_test_49.gif?dl=1
bench_test_225.gif,https://www.dropbox.com/s/9ffmlrbqou3est0/bench_test_225.gif?dl=1
compress_fuzz_26.gif,https://www.dropbox.com/s/0z4dnrcn1jwngg7/compress_fuzz_26.gif?dl=1
gfp6_173.gif,https://www.dropbox.com/s/xt9t5rwxbfxmkzo/gfp6_173.gif?dl=1
swu_20.gif,https://www.dropbox.com/s/mptoejcmw4dp65z/swu_20.gif?dl=1
messages-management_392.gif,https://www.dropbox.com/s/2w14i0pc9nj6aw9/messages-management_392.gif?dl=1
lexer_134.gif,https://www.dropbox.com/s/9mewwk87f9s5vxm/lexer_134.gif?dl=1
runtime_test_49.gif,https://www.dropbox.com/s/lotm88a7lzot6y1/runtime_test_49.gif?dl=1
http_530.gif,https://www.dropbox.com/s/fbawsa5qjurtb36/http_530.gif?dl=1
encode_100.gif,https://www.dropbox.com/s/r2zqgkn3nvr48bo/encode_100.gif?dl=1
decode_864.gif,https://www.dropbox.com/s/g6sosbkd41aqb7e/decode_864.gif?dl=1
jsre_69.gif,https://www.dropbox.com/s/ezww4ck46hvq9ui/jsre_69.gif?dl=1
gen_ed_15.gif,https://www.dropbox.com/s/wszcstlpxt6bjxq/gen_ed_15.gif?dl=1
bn256_test_78.gif,https://www.dropbox.com/s/xzc1t9ochcctzi4/bn256_test_78.gif?dl=1
meter_113.gif,https://www.dropbox.com/s/e5eegy4to31vqqd/meter_113.gif?dl=1
ewma_19.gif,https://www.dropbox.com/s/z396pqf09l0y2xt/ewma_19.gif?dl=1
fetcher_test_149.gif,https://www.dropbox.com/s/1j10ev9l2b8qhki/fetcher_test_149.gif?dl=1
instructions_test_579.gif,https://www.dropbox.com/s/ae1pckte0ivfsvo/instructions_test_579.gif?dl=1
memory_table_18.gif,https://www.dropbox.com/s/49nbu6cnlrg65kj/memory_table_18.gif?dl=1
api_test_226.gif,https://www.dropbox.com/s/7jnyeg2ikvkf1nk/api_test_226.gif?dl=1
helpers_604.gif,https://www.dropbox.com/s/2k0ylpyhp9mf35v/helpers_604.gif?dl=1
utils_test_69.gif,https://www.dropbox.com/s/v73p0ntdchi1srh/utils_test_69.gif?dl=1
nat_test_27.gif,https://www.dropbox.com/s/7yy5jqqmeavjfrq/nat_test_27.gif?dl=1
console_154.gif,https://www.dropbox.com/s/c2orhmpkffcn31i/console_154.gif?dl=1
balance_test_341.gif,https://www.dropbox.com/s/2qrkgcnjkamuhlc/balance_test_341.gif?dl=1
queue_72.gif,https://www.dropbox.com/s/ci7qjn6lfp7laqb/queue_72.gif?dl=1
encoding_82.gif,https://www.dropbox.com/s/jlzpjyau46bw6e1/encoding_82.gif?dl=1
simulated_test_623.gif,https://www.dropbox.com/s/ojsvqwfppgh6d91/simulated_test_623.gif?dl=1
counter_test_4.gif,https://www.dropbox.com/s/5bsiatfbass13rf/counter_test_4.gif?dl=1
g2_test_57.gif,https://www.dropbox.com/s/nihdz1io8f3kbda/g2_test_57.gif?dl=1
rlp_test_util_123.gif,https://www.dropbox.com/s/pwwixwlbxoxocp1/rlp_test_util_123.gif?dl=1
messages-common_669.gif,https://www.dropbox.com/s/od560mq52wrs6fh/messages-common_669.gif?dl=1
blake2b_242.gif,https://www.dropbox.com/s/dsz4jxapljq226z/blake2b_242.gif?dl=1
ethstats_510.gif,https://www.dropbox.com/s/st269vkxx2m7xka/ethstats_510.gif?dl=1
decode_520.gif,https://www.dropbox.com/s/3dwzfq6oxo10hl5/decode_520.gif?dl=1
queue_395.gif,https://www.dropbox.com/s/y5vixy7h98kqawq/queue_395.gif?dl=1
iter_test_157.gif,https://www.dropbox.com/s/x2gtmn4yj5ygmnz/iter_test_157.gif?dl=1
statedb_test_744.gif,https://www.dropbox.com/s/we06567j1qwup89/statedb_test_744.gif?dl=1
gfp12_56.gif,https://www.dropbox.com/s/pzatb29uwn8ui7r/gfp12_56.gif?dl=1
helpers_214.gif,https://www.dropbox.com/s/gma75w5q1azyk65/helpers_214.gif?dl=1
watch_36.gif,https://www.dropbox.com/s/xmbylf1907zx52i/watch_36.gif?dl=1
fp2_31.gif,https://www.dropbox.com/s/sqo779oxo3h08xe/fp2_31.gif?dl=1
dynamic_fee_tx_42.gif,https://www.dropbox.com/s/opol2l2puzjiydz/dynamic_fee_tx_42.gif?dl=1
discv5tests_36.gif,https://www.dropbox.com/s/v784n31s5pisqmk/discv5tests_36.gif?dl=1
test_cmd_87.gif,https://www.dropbox.com/s/rgozfd906hvx399/test_cmd_87.gif?dl=1
expiredvalue_test_158.gif,https://www.dropbox.com/s/xu8mibbsigckxpk/expiredvalue_test_158.gif?dl=1
transaction_signing_337.gif,https://www.dropbox.com/s/d8yo6r3anpfnv8w/transaction_signing_337.gif?dl=1
registry_test_265.gif,https://www.dropbox.com/s/24znuopheuaztzt/registry_test_265.gif?dl=1
network_test_762.gif,https://www.dropbox.com/s/qaw5jaltpvdr3aw/network_test_762.gif?dl=1
flags_1356.gif,https://www.dropbox.com/s/0vburxqu7wyixm8/flags_1356.gif?dl=1
gnosis_safe_36.gif,https://www.dropbox.com/s/lijghvzs5g3uyy6/gnosis_safe_36.gif?dl=1
arithmetic_fallback_467.gif,https://www.dropbox.com/s/5a5ce4st5oq1yt1/arithmetic_fallback_467.gif?dl=1
dial_test_410.gif,https://www.dropbox.com/s/g6l8tu4ipxwdosu/dial_test_410.gif?dl=1
localnode_test_81.gif,https://www.dropbox.com/s/avdp35e3nzxi746/localnode_test_81.gif?dl=1
rlp_test_util_47.gif,https://www.dropbox.com/s/r5n603ppbdkkw1x/rlp_test_util_47.gif?dl=1
connect_33.gif,https://www.dropbox.com/s/3iotota40zry0o3/connect_33.gif?dl=1
http_53.gif,https://www.dropbox.com/s/vowo5lymkjvilkp/http_53.gif?dl=1
prioritypool_433.gif,https://www.dropbox.com/s/sr0j8tzuzs0icrv/prioritypool_433.gif?dl=1
urlv4_39.gif,https://www.dropbox.com/s/pmiwevx66io717a/urlv4_39.gif?dl=1
tx_fetcher_test_1126.gif,https://www.dropbox.com/s/5laz4u1s2tbaetf/tx_fetcher_test_1126.gif?dl=1
messages-management_765.gif,https://www.dropbox.com/s/5zvfu0z5r0j7fvy/messages-management_765.gif?dl=1
peer_1317.gif,https://www.dropbox.com/s/gcoh3fror6vvy6o/peer_1317.gif?dl=1
faucet_297.gif,https://www.dropbox.com/s/bwwuo52cy2ry3jn/faucet_297.gif?dl=1
encode_534.gif,https://www.dropbox.com/s/ryebnhmucnfw7h1/encode_534.gif?dl=1
g2_125.gif,https://www.dropbox.com/s/pm6npy1rtflak3b/g2_125.gif?dl=1
blockchain_repair_test_252.gif,https://www.dropbox.com/s/wk1vb9jv04rq76e/blockchain_repair_test_252.gif?dl=1
blockchain_627.gif,https://www.dropbox.com/s/3u9a0l5kme8yyu3/blockchain_627.gif?dl=1
fp6_138.gif,https://www.dropbox.com/s/nff0jbvdfs421fj/fp6_138.gif?dl=1
hashing_test_76.gif,https://www.dropbox.com/s/sazvrrmzbgjo2cr/hashing_test_76.gif?dl=1
trie_484.gif,https://www.dropbox.com/s/qofyx5qjmf87rff/trie_484.gif?dl=1
client_example_test_40.gif,https://www.dropbox.com/s/8fwczqm71etgglt/client_example_test_40.gif?dl=1
difflayer_254.gif,https://www.dropbox.com/s/ff3edyxbpgxd4kv/difflayer_254.gif?dl=1
transport_53.gif,https://www.dropbox.com/s/4j35kjoay0vse5q/transport_53.gif?dl=1
gfp_amd64_2.gif,https://www.dropbox.com/s/iztofpbqza8rowj/gfp_amd64_2.gif?dl=1
fp12_34.gif,https://www.dropbox.com/s/exz4qnmvag1dizj/fp12_34.gif?dl=1
gen_header_json_16.gif,https://www.dropbox.com/s/weuwqpi4h36avs4/gen_header_json_16.gif?dl=1
enr_test_148.gif,https://www.dropbox.com/s/2gv9y892pesqmn9/enr_test_148.gif?dl=1
state_object_511.gif,https://www.dropbox.com/s/ssz1j8t86komzwf/state_object_511.gif?dl=1
ecies_test_293.gif,https://www.dropbox.com/s/l722tsc8kd5neeu/ecies_test_293.gif?dl=1
ci_1168.gif,https://www.dropbox.com/s/xwfnn4jmlday9wh/ci_1168.gif?dl=1
trie_test_809.gif,https://www.dropbox.com/s/gusu3pfc8byy7br/trie_test_809.gif?dl=1
argument_44.gif,https://www.dropbox.com/s/9vb87gc7mrx45y7/argument_44.gif?dl=1
website_230.gif,https://www.dropbox.com/s/28cvta21bdalcm6/website_230.gif?dl=1
matcher_91.gif,https://www.dropbox.com/s/ypdsi0w98cnjj07/matcher_91.gif?dl=1
peer_679.gif,https://www.dropbox.com/s/s34tvl8oiit3li3/peer_679.gif?dl=1
eip1559_test_29.gif,https://www.dropbox.com/s/cwz1e0rntrmc33h/eip1559_test_29.gif?dl=1
fp12_114.gif,https://www.dropbox.com/s/n3hers6t719ocaj/fp12_114.gif?dl=1
arithmetic_fallback_506.gif,https://www.dropbox.com/s/j0uxbi8qea158c8/arithmetic_fallback_506.gif?dl=1
http_273.gif,https://www.dropbox.com/s/kmc39navovpcov2/http_273.gif?dl=1
messages-common_275.gif,https://www.dropbox.com/s/9skk0dhiak2dpx3/messages-common_275.gif?dl=1
tx_fetcher_test_797.gif,https://www.dropbox.com/s/gpm42o3mwlwfhyi/tx_fetcher_test_797.gif?dl=1
gen_genesis_account_17.gif,https://www.dropbox.com/s/612cb9c39rox87g/gen_genesis_account_17.gif?dl=1
passphrase_331.gif,https://www.dropbox.com/s/c05qyj4nj7ulg3p/passphrase_331.gif?dl=1
keystore_82.gif,https://www.dropbox.com/s/fhe0hemjz1ydffk/keystore_82.gif?dl=1
limiter_271.gif,https://www.dropbox.com/s/k37om44l3mm5eu9/limiter_271.gif?dl=1
manager_65.gif,https://www.dropbox.com/s/9zwmjjuhso1bvfx/manager_65.gif?dl=1
hub_119.gif,https://www.dropbox.com/s/rp28je6aafij3np/hub_119.gif?dl=1
inproc_49.gif,https://www.dropbox.com/s/22xn4u7oorh0e7k/inproc_49.gif?dl=1
discv4tests_177.gif,https://www.dropbox.com/s/qbhp2d96ykocuvi/discv4tests_177.gif?dl=1
stacktrie_test_175.gif,https://www.dropbox.com/s/n5g4gf0c6danoqk/stacktrie_test_175.gif?dl=1
root_12.gif,https://www.dropbox.com/s/ccr67t6atve3wwo/root_12.gif?dl=1
lexer_61.gif,https://www.dropbox.com/s/8f49etp4ofc4405/lexer_61.gif?dl=1
v5_udp_test_156.gif,https://www.dropbox.com/s/s974dwrbqbkczhp/v5_udp_test_156.gif?dl=1
iterator_fast_230.gif,https://www.dropbox.com/s/p6av207239yj333/iterator_fast_230.gif?dl=1
discv4tests_54.gif,https://www.dropbox.com/s/3indturjvqwgqio/discv4tests_54.gif?dl=1
mocker_102.gif,https://www.dropbox.com/s/xbuq34tdsom0048/mocker_102.gif?dl=1
transaction_test_408.gif,https://www.dropbox.com/s/tlua6e6zlcruuba/transaction_test_408.gif?dl=1
graphql_532.gif,https://www.dropbox.com/s/6ae2tgyf8nzjfjy/graphql_532.gif?dl=1
sample_271.gif,https://www.dropbox.com/s/wujf0y7oetdt9it/sample_271.gif?dl=1
blockchain_snapshot_test_454.gif,https://www.dropbox.com/s/s6b5iqp31pp1weu/blockchain_snapshot_test_454.gif?dl=1
fp_test_1162.gif,https://www.dropbox.com/s/p8kmg6e462i3idf/fp_test_1162.gif?dl=1
gauge_float64_13.gif,https://www.dropbox.com/s/c2hzh8l2pxpls2m/gauge_float64_13.gif?dl=1
module_dashboard_643.gif,https://www.dropbox.com/s/jdu7h8e3spag7sy/module_dashboard_643.gif?dl=1
archive_112.gif,https://www.dropbox.com/s/mbihlo0ryw5dqg0/archive_112.gif?dl=1
expiredvalue_105.gif,https://www.dropbox.com/s/4uz2c1f47j9n4e9/expiredvalue_105.gif?dl=1
ethash_59.gif,https://www.dropbox.com/s/azdv86v6xo5a5il/ethash_59.gif?dl=1
odr_requests_54.gif,https://www.dropbox.com/s/ehwr9k7crkqzgpn/odr_requests_54.gif?dl=1
interpreter_69.gif,https://www.dropbox.com/s/85vm6x1nqzirwri/interpreter_69.gif?dl=1
rlpx_161.gif,https://www.dropbox.com/s/vfzmf6nlsavps05/rlpx_161.gif?dl=1
messages-management_1322.gif,https://www.dropbox.com/s/fccgis30umahuuk/messages-management_1322.gif?dl=1
counter_100.gif,https://www.dropbox.com/s/ngu4qfi4yhrcvas/counter_100.gif?dl=1
feed_test_66.gif,https://www.dropbox.com/s/az91cgcgo5sw30e/feed_test_66.gif?dl=1
entries_75.gif,https://www.dropbox.com/s/9qiigq7hd2lq3qp/entries_75.gif?dl=1
enr_68.gif,https://www.dropbox.com/s/hmzkima5esgx7gv/enr_68.gif?dl=1
ethstats_734.gif,https://www.dropbox.com/s/mf2gtgznrtx35xm/ethstats_734.gif?dl=1
http_477.gif,https://www.dropbox.com/s/9hdauokhc0jtpu7/http_477.gif?dl=1
utils_32.gif,https://www.dropbox.com/s/2mvk282xh7bwgjj/utils_32.gif?dl=1
blockchain_2252.gif,https://www.dropbox.com/s/az7qjdofx1jzy6i/blockchain_2252.gif?dl=1
bytes_test_23.gif,https://www.dropbox.com/s/mkx4zxmhbbsvt58/bytes_test_23.gif?dl=1
resetting_timer_test_107.gif,https://www.dropbox.com/s/6ov638utb5kln5b/resetting_timer_test_107.gif?dl=1
gfp_generic_5.gif,https://www.dropbox.com/s/6csvmbdjtkcnlxa/gfp_generic_5.gif?dl=1
peer_85.gif,https://www.dropbox.com/s/w2ho9x3erocxd06/peer_85.gif?dl=1
bitutil_test_68.gif,https://www.dropbox.com/s/c42wu0legtnenqv/bitutil_test_68.gif?dl=1
wallet_180.gif,https://www.dropbox.com/s/kxdzuq4lekzjf98/wallet_180.gif?dl=1
messages-management_955.gif,https://www.dropbox.com/s/7wzkyzmwgavtffm/messages-management_955.gif?dl=1
blockchain_repair_test_523.gif,https://www.dropbox.com/s/06dkupqlkmrnj43/blockchain_repair_test_523.gif?dl=1
tx_pool_test_764.gif,https://www.dropbox.com/s/zg242ie3z3zxn88/tx_pool_test_764.gif?dl=1
bn256_40.gif,https://www.dropbox.com/s/8cq6uaukbks7imz/bn256_40.gif?dl=1
fp_test_1362.gif,https://www.dropbox.com/s/svidy9bbqpcxquf/fp_test_1362.gif?dl=1
messages-management_996.gif,https://www.dropbox.com/s/gmqvqkc7csdnsrx/messages-management_996.gif?dl=1
handler_64.gif,https://www.dropbox.com/s/zwzifi52iv2swdj/handler_64.gif?dl=1
writer_11.gif,https://www.dropbox.com/s/q9vdhvsqckhuxty/writer_11.gif?dl=1
trie-fuzzer_78.gif,https://www.dropbox.com/s/cerg8if0vmzu82c/trie-fuzzer_78.gif?dl=1
graphql_493.gif,https://www.dropbox.com/s/o8j6445o2zl7kei/graphql_493.gif?dl=1
statesync_331.gif,https://www.dropbox.com/s/arqozni8ay642ka/statesync_331.gif?dl=1
resultstore_144.gif,https://www.dropbox.com/s/71ytrf9ysl8xckw/resultstore_144.gif?dl=1
messages-management_1068.gif,https://www.dropbox.com/s/nammhdqyw8q9r0l/messages-management_1068.gif?dl=1
bindata_199.gif,https://www.dropbox.com/s/gv3qmibaegts0a8/bindata_199.gif?dl=1
blake2bAVX2_amd64_140.gif,https://www.dropbox.com/s/vlsc0pvp9v088h0/blake2bAVX2_amd64_140.gif?dl=1
encode_test_410.gif,https://www.dropbox.com/s/n7losydogzs02u1/encode_test_410.gif?dl=1
dbcmd_282.gif,https://www.dropbox.com/s/vbdeoykb0csdl3r/dbcmd_282.gif?dl=1
registry_test_138.gif,https://www.dropbox.com/s/uk5aq45vv0r37je/registry_test_138.gif?dl=1
collector_42.gif,https://www.dropbox.com/s/bhszvbflimcp0bq/collector_42.gif?dl=1
graphql_450.gif,https://www.dropbox.com/s/16ntkbd7zjidpim/graphql_450.gif?dl=1
fetcher_194.gif,https://www.dropbox.com/s/i81nolumc2cz3o5/fetcher_194.gif?dl=1
freezer_table_test_91.gif,https://www.dropbox.com/s/iqk3g37ktzqnl9y/freezer_table_test_91.gif?dl=1
encode_325.gif,https://www.dropbox.com/s/z3ba1nrrz6xsa8a/encode_325.gif?dl=1
field_element_123.gif,https://www.dropbox.com/s/4h51dc32pnj3rgw/field_element_123.gif?dl=1
signed_data_845.gif,https://www.dropbox.com/s/akqs0glcn794ivq/signed_data_845.gif?dl=1
v5_udp_613.gif,https://www.dropbox.com/s/4hdvgn2w2f5mlff/v5_udp_613.gif?dl=1
requestbasket_test_120.gif,https://www.dropbox.com/s/d5s07wb4tormlwf/requestbasket_test_120.gif?dl=1
handler_glog_92.gif,https://www.dropbox.com/s/s1ur6g061wvpk2s/handler_glog_92.gif?dl=1
hexutil_56.gif,https://www.dropbox.com/s/adu59xxmpo0ksfs/hexutil_56.gif?dl=1
fp6_271.gif,https://www.dropbox.com/s/22mvhm5euqnaxi7/fp6_271.gif?dl=1
tx_fetcher_test_1247.gif,https://www.dropbox.com/s/b2fz5rw1npyrf1w/tx_fetcher_test_1247.gif?dl=1
dial_test_229.gif,https://www.dropbox.com/s/n96yrxncyxy5azp/dial_test_229.gif?dl=1
server_test_125.gif,https://www.dropbox.com/s/bkec2sbeiujnfhb/server_test_125.gif?dl=1
vyper_35.gif,https://www.dropbox.com/s/sbchqzp8tv85qap/vyper_35.gif?dl=1
discover_55.gif,https://www.dropbox.com/s/hgfobq9s8emsnmy/discover_55.gif?dl=1
http_test_534.gif,https://www.dropbox.com/s/q2oe7l0oeguehpz/http_test_534.gif?dl=1
difflayer_test_318.gif,https://www.dropbox.com/s/2qsdy2dbyu4owz8/difflayer_test_318.gif?dl=1
prometheus_29.gif,https://www.dropbox.com/s/1hly5yy23dujpgz/prometheus_29.gif?dl=1
fp_23.gif,https://www.dropbox.com/s/3sugxe5uect0td9/fp_23.gif?dl=1
memory_71.gif,https://www.dropbox.com/s/40n8m9ag4rxzq1u/memory_71.gif?dl=1
committer_64.gif,https://www.dropbox.com/s/oavz2srd8mb6bdy/committer_64.gif?dl=1
g2_69.gif,https://www.dropbox.com/s/e3n5ces35vuifxg/g2_69.gif?dl=1
ewma_test_85.gif,https://www.dropbox.com/s/sripgbdmiayjr0y/ewma_test_85.gif?dl=1
bn256_fuzz_19.gif,https://www.dropbox.com/s/ebnrzwfz1dtkmdj/bn256_fuzz_19.gif?dl=1
msgrate_286.gif,https://www.dropbox.com/s/twauafknc75ojmm/msgrate_286.gif?dl=1
postprocess_258.gif,https://www.dropbox.com/s/flzbdu9h8xtg0hp/postprocess_258.gif?dl=1
tree_153.gif,https://www.dropbox.com/s/uk4yuuwhtzrlutu/tree_153.gif?dl=1
balance_453.gif,https://www.dropbox.com/s/twtglc7ftjre21z/balance_453.gif?dl=1
v4_lookup_test_66.gif,https://www.dropbox.com/s/cbsqo91i9sx5j6v/v4_lookup_test_66.gif?dl=1
statesync_97.gif,https://www.dropbox.com/s/fjspexpnpqade0p/statesync_97.gif?dl=1
download_76.gif,https://www.dropbox.com/s/tmxhmaagk3mfdyh/download_76.gif?dl=1
ci_200.gif,https://www.dropbox.com/s/0tqj9wg1ih7rna9/ci_200.gif?dl=1
helpers_47.gif,https://www.dropbox.com/s/5bpj3g53b3ft419/helpers_47.gif?dl=1
sample_312.gif,https://www.dropbox.com/s/1m9dr59tfifgsft/sample_312.gif?dl=1
node_136.gif,https://www.dropbox.com/s/mhjvzj0tqpctttg/node_136.gif?dl=1
msgrate_245.gif,https://www.dropbox.com/s/lwz3cusd726lpvl/msgrate_245.gif?dl=1
bls12381_fuzz_101.gif,https://www.dropbox.com/s/91t60zuuygk237x/bls12381_fuzz_101.gif?dl=1
blockchain_test_2017.gif,https://www.dropbox.com/s/axo0j5kre9rs5ho/blockchain_test_2017.gif?dl=1
encode_test_72.gif,https://www.dropbox.com/s/vclkfzgrzmvl9em/encode_test_72.gif?dl=1
peer_error_38.gif,https://www.dropbox.com/s/fh5m1p4pcepvsz7/peer_error_38.gif?dl=1
simulated_test_1177.gif,https://www.dropbox.com/s/d97ywchkgyg3mo5/simulated_test_1177.gif?dl=1
decode_test_831.gif,https://www.dropbox.com/s/9f9ym73m4fgx3nc/decode_test_831.gif?dl=1
bn256_304.gif,https://www.dropbox.com/s/5c5y91jfm59ht2o/bn256_304.gif?dl=1
downloader_567.gif,https://www.dropbox.com/s/y5wodsdbflzf6ka/downloader_567.gif?dl=1
entries_121.gif,https://www.dropbox.com/s/oc1bp7l1pdg7cil/entries_121.gif?dl=1
limiter_test_55.gif,https://www.dropbox.com/s/7xsn5ce3kz7azvf/limiter_test_55.gif?dl=1
field_element_240.gif,https://www.dropbox.com/s/hjchedj9kb7mz7z/field_element_240.gif?dl=1
msgrate_325.gif,https://www.dropbox.com/s/qakglvt4nkiojs6/msgrate_325.gif?dl=1
fetcher_test_224.gif,https://www.dropbox.com/s/h2vyk3fpnm4q5qh/fetcher_test_224.gif?dl=1
dial_test_360.gif,https://www.dropbox.com/s/jwdz15b102pmifj/dial_test_360.gif?dl=1
ci_823.gif,https://www.dropbox.com/s/2u4spwmgewe7uda/ci_823.gif?dl=1
exec_queue_test_20.gif,https://www.dropbox.com/s/8zcfjnpvq2ci6wh/exec_queue_test_20.gif?dl=1
gfp2_20.gif,https://www.dropbox.com/s/e7rgjo80zs6a1je/gfp2_20.gif?dl=1
fp_test_930.gif,https://www.dropbox.com/s/s92ybovyrophl3g/fp_test_930.gif?dl=1
url_test_22.gif,https://www.dropbox.com/s/7ftbdlwfn5m2h12/url_test_22.gif?dl=1
pretty_55.gif,https://www.dropbox.com/s/pxl6ghhznkozec7/pretty_55.gif?dl=1
prioritypool_196.gif,https://www.dropbox.com/s/0na7yiyld2fv18w/prioritypool_196.gif?dl=1
analysis_test_59.gif,https://www.dropbox.com/s/61b0jr0qw3aupgb/analysis_test_59.gif?dl=1
ethclient_test_235.gif,https://www.dropbox.com/s/ocno3u8ruezl0ts/ethclient_test_235.gif?dl=1
instructions_test_416.gif,https://www.dropbox.com/s/q5ln516y5kqdf69/instructions_test_416.gif?dl=1
gen_difficultytest_15.gif,https://www.dropbox.com/s/mdmi0am03opxxjn/gen_difficultytest_15.gif?dl=1
peerset_160.gif,https://www.dropbox.com/s/nqacniw20mjfrgo/peerset_160.gif?dl=1
decode_729.gif,https://www.dropbox.com/s/y7o1r8zkxlgbpee/decode_729.gif?dl=1
urlv4_157.gif,https://www.dropbox.com/s/lg1r1evudbyuokb/urlv4_157.gif?dl=1
secure_trie_93.gif,https://www.dropbox.com/s/ww6lapwnop3036p/secure_trie_93.gif?dl=1
snapshot_test_41.gif,https://www.dropbox.com/s/dqczcyvyv3rrten/snapshot_test_41.gif?dl=1
fp6_314.gif,https://www.dropbox.com/s/bghvv03au1jx0h9/fp6_314.gif?dl=1
asm_82.gif,https://www.dropbox.com/s/op07o10kf0dktgf/asm_82.gif?dl=1
large_28.gif,https://www.dropbox.com/s/44z8d0ivm2jqxre/large_28.gif?dl=1
network_617.gif,https://www.dropbox.com/s/ipr3676xvjmvncu/network_617.gif?dl=1
fp_test_263.gif,https://www.dropbox.com/s/nlhzsfm2x1dlsvz/fp_test_263.gif?dl=1
disklayer_test_35.gif,https://www.dropbox.com/s/08xetxbdb5fomxo/disklayer_test_35.gif?dl=1
field_element_287.gif,https://www.dropbox.com/s/jvj9cx88ka5zguh/field_element_287.gif?dl=1
sample_458.gif,https://www.dropbox.com/s/9gd4jgc8e77arc5/sample_458.gif?dl=1
trie-fuzzer_41.gif,https://www.dropbox.com/s/8w6uzyexjcm09ld/trie-fuzzer_41.gif?dl=1
handler_test_382.gif,https://www.dropbox.com/s/k8793nl237r1n6v/handler_test_382.gif?dl=1
optate_153.gif,https://www.dropbox.com/s/0gjla4p5o16gvrx/optate_153.gif?dl=1
enr_test_73.gif,https://www.dropbox.com/s/abkvx6dkfuzpsr5/enr_test_73.gif?dl=1
freezer_table_330.gif,https://www.dropbox.com/s/hea4uxhx5sk5z77/freezer_table_330.gif?dl=1
network_1052.gif,https://www.dropbox.com/s/wjg92aclizg9p7x/network_1052.gif?dl=1
blockchain_972.gif,https://www.dropbox.com/s/oqk2mksikaigzr8/blockchain_972.gif?dl=1
peer_1271.gif,https://www.dropbox.com/s/l0a3qr82v25n2kc/peer_1271.gif?dl=1
jump_table_137.gif,https://www.dropbox.com/s/7e4auoz6wmvk7we/jump_table_137.gif?dl=1
bitutil_test_115.gif,https://www.dropbox.com/s/2n5lqqwyd9del55/bitutil_test_115.gif?dl=1
keycmd_69.gif,https://www.dropbox.com/s/soil5s1navtg589/keycmd_69.gif?dl=1
pairing_182.gif,https://www.dropbox.com/s/2h5yex942slhqdb/pairing_182.gif?dl=1
downloader_test_461.gif,https://www.dropbox.com/s/rwxagnt0esb4dqc/downloader_test_461.gif?dl=1
wizard_netstats_32.gif,https://www.dropbox.com/s/o1vrfpjyxycen95/wizard_netstats_32.gif?dl=1
suite_526.gif,https://www.dropbox.com/s/4nrxey1jwih9nzu/suite_526.gif?dl=1
blake2b_test_269.gif,https://www.dropbox.com/s/khtruccmi57snc5/blake2b_test_269.gif?dl=1
nat_61.gif,https://www.dropbox.com/s/rshxopurntkb6tu/nat_61.gif?dl=1
statedb_test_149.gif,https://www.dropbox.com/s/fdmw30qzbgwsm27/statedb_test_149.gif?dl=1
helpers_357.gif,https://www.dropbox.com/s/8x3quvwo5dukdet/helpers_357.gif?dl=1
compress_59.gif,https://www.dropbox.com/s/o8plkpdokqdyx1m/compress_59.gif?dl=1
blockchain_sethead_test_636.gif,https://www.dropbox.com/s/u69lx2czl1uvwwz/blockchain_sethead_test_636.gif?dl=1
signed_data_897.gif,https://www.dropbox.com/s/q0frcyd2ui3nxhd/signed_data_897.gif?dl=1
tree_341.gif,https://www.dropbox.com/s/2sdjpg8pmc37yir/tree_341.gif?dl=1
graphql_656.gif,https://www.dropbox.com/s/4uufwrs5x2jaay2/graphql_656.gif?dl=1
unpack_35.gif,https://www.dropbox.com/s/ojsnro1b2eol57k/unpack_35.gif?dl=1
encode_137.gif,https://www.dropbox.com/s/3l3yb6h9emff0cy/encode_137.gif?dl=1
gfp_arm64_2.gif,https://www.dropbox.com/s/kuryot9ql0dv7vg/gfp_arm64_2.gif?dl=1
keystore_227.gif,https://www.dropbox.com/s/phrzyomdj6v4lzi/keystore_227.gif?dl=1
utesting_test_91.gif,https://www.dropbox.com/s/qkvxhr5zpavlxer/utesting_test_91.gif?dl=1
simulation_32.gif,https://www.dropbox.com/s/3dg4uqcrk6mu7e1/simulation_32.gif?dl=1
algorithm_99.gif,https://www.dropbox.com/s/y7fpusrltpvudzu/algorithm_99.gif?dl=1
clientpool-fuzzer_103.gif,https://www.dropbox.com/s/elyvk781dplxstv/clientpool-fuzzer_103.gif?dl=1
fp_test_470.gif,https://www.dropbox.com/s/tot7z8rma97bcjq/fp_test_470.gif?dl=1
optate_191.gif,https://www.dropbox.com/s/3gup1fkz2t174jq/optate_191.gif?dl=1
hasher_28.gif,https://www.dropbox.com/s/s714ajj27b7uhvg/hasher_28.gif?dl=1
handler_test_426.gif,https://www.dropbox.com/s/iwbk6qronro21qi/handler_test_426.gif?dl=1
decode_test_954.gif,https://www.dropbox.com/s/z1k5fzzaezf8zjv/decode_test_954.gif?dl=1
utesting_113.gif,https://www.dropbox.com/s/y90asbqqxrenres/utesting_113.gif?dl=1
download_116.gif,https://www.dropbox.com/s/awoab8odqf05z44/download_116.gif?dl=1
blockchain_snapshot_test_532.gif,https://www.dropbox.com/s/x19t4vqryjvcoe6/blockchain_snapshot_test_532.gif?dl=1
tx_fetcher_test_587.gif,https://www.dropbox.com/s/trfmkpxko84h2jc/tx_fetcher_test_587.gif?dl=1
g1_29.gif,https://www.dropbox.com/s/ye5lahp8keklbem/g1_29.gif?dl=1
v4wire_208.gif,https://www.dropbox.com/s/te9dd9g7on0hxdb/v4wire_208.gif?dl=1
statesync_296.gif,https://www.dropbox.com/s/4mbdf3tpvhv7gi8/statesync_296.gif?dl=1
rlp_test_util_83.gif,https://www.dropbox.com/s/nng9z1xadqoxue2/rlp_test_util_83.gif?dl=1
fp6_103.gif,https://www.dropbox.com/s/20p8pwb5sv9zey5/fp6_103.gif?dl=1
http_test_120.gif,https://www.dropbox.com/s/npr7i0rwa2suxs2/http_test_120.gif?dl=1
signed_data_504.gif,https://www.dropbox.com/s/nct84myzl366vtg/signed_data_504.gif?dl=1
gfp6_96.gif,https://www.dropbox.com/s/ior5svyarz85sps/gfp6_96.gif?dl=1
blockchain_807.gif,https://www.dropbox.com/s/54wel218q2rp74o/blockchain_807.gif?dl=1
gen_structlog_16.gif,https://www.dropbox.com/s/dawb8nufybu1ihd/gen_structlog_16.gif?dl=1
servingqueue_198.gif,https://www.dropbox.com/s/d3q3isxpk0qnh2s/servingqueue_198.gif?dl=1
context_36.gif,https://www.dropbox.com/s/264ymbatzebb13x/context_36.gif?dl=1
gfp6_55.gif,https://www.dropbox.com/s/j1o3t2ukaoadihz/gfp6_55.gif?dl=1
nodedb_179.gif,https://www.dropbox.com/s/llgjhqdxbxejnpq/nodedb_179.gif?dl=1
difflayer_290.gif,https://www.dropbox.com/s/nbtc7ietmk0xsl5/difflayer_290.gif?dl=1
debug_23.gif,https://www.dropbox.com/s/1i48bke0aztdk2v/debug_23.gif?dl=1
serverpool_test_176.gif,https://www.dropbox.com/s/tmk6xuyirdk0ero/serverpool_test_176.gif?dl=1
curve_250.gif,https://www.dropbox.com/s/mpoq646sj6m8ufg/curve_250.gif?dl=1
net_test_208.gif,https://www.dropbox.com/s/t7yxc2ypqnfr80c/net_test_208.gif?dl=1
peer_1106.gif,https://www.dropbox.com/s/t0tqb86pyxspnuo/peer_1106.gif?dl=1
network_428.gif,https://www.dropbox.com/s/dz7y8qfiaq5ftet/network_428.gif?dl=1
proof_test_265.gif,https://www.dropbox.com/s/3dmhzoqkiyk0dl2/proof_test_265.gif?dl=1
consolecmd_114.gif,https://www.dropbox.com/s/sp64s4hzra8bkpx/consolecmd_114.gif?dl=1
resetting_timer_134.gif,https://www.dropbox.com/s/qmcusrrs04cozij/resetting_timer_134.gif?dl=1
wrsiterator_86.gif,https://www.dropbox.com/s/dxqitzfrpo9a5hy/wrsiterator_86.gif?dl=1
v4wire_168.gif,https://www.dropbox.com/s/ppff8w3q2t3u91u/v4wire_168.gif?dl=1
chain_makers_123.gif,https://www.dropbox.com/s/i7wuafz9jfz3sdu/chain_makers_123.gif?dl=1
pairing_220.gif,https://www.dropbox.com/s/w809ovj2yzlogur/pairing_220.gif?dl=1
freezer_table_test_512.gif,https://www.dropbox.com/s/4epvxube2uwsqfc/freezer_table_test_512.gif?dl=1
passphrase_241.gif,https://www.dropbox.com/s/kfbyce1ik05p7fy/passphrase_241.gif?dl=1
downloader_test_97.gif,https://www.dropbox.com/s/arana6gic8g3hg5/downloader_test_97.gif?dl=1
difflayer_test_280.gif,https://www.dropbox.com/s/c9j2q7zhaznytcf/difflayer_test_280.gif?dl=1
blockchain_snapshot_test_646.gif,https://www.dropbox.com/s/s3hjymebm4nauqq/blockchain_snapshot_test_646.gif?dl=1
secure_trie_53.gif,https://www.dropbox.com/s/li5t772allslh16/secure_trie_53.gif?dl=1
sample_test_14.gif,https://www.dropbox.com/s/bnx08qpuegax6vk/sample_test_14.gif?dl=1
http_test_308.gif,https://www.dropbox.com/s/t1yseoy35q744ld/http_test_308.gif?dl=1
feed_test_170.gif,https://www.dropbox.com/s/bvin7kk12tqjqqb/feed_test_170.gif?dl=1
discv5cmd_81.gif,https://www.dropbox.com/s/7eg25z0wqg5y81d/discv5cmd_81.gif?dl=1
timer_228.gif,https://www.dropbox.com/s/xih72o83yiwvu1d/timer_228.gif?dl=1
iterator_fast_38.gif,https://www.dropbox.com/s/gwdzewz3hrldiio/iterator_fast_38.gif?dl=1
consensus_test_141.gif,https://www.dropbox.com/s/8al1lix0sngyas3/consensus_test_141.gif?dl=1
pretty_110.gif,https://www.dropbox.com/s/aojt60lobhix2fj/pretty_110.gif?dl=1
state_object_474.gif,https://www.dropbox.com/s/p3u8mkru6qhft5e/state_object_474.gif?dl=1
dbcmd_327.gif,https://www.dropbox.com/s/gnx6hpas6z78lih/dbcmd_327.gif?dl=1
module_ethstats_120.gif,https://www.dropbox.com/s/cbbhe1sb7u6v606/module_ethstats_120.gif?dl=1
blockchain_snapshot_test_493.gif,https://www.dropbox.com/s/j2q773bs2xr5gtb/blockchain_snapshot_test_493.gif?dl=1
fourbyte_test_29.gif,https://www.dropbox.com/s/jirz2cisiq13smx/fourbyte_test_29.gif?dl=1
crypto_134.gif,https://www.dropbox.com/s/xi06dlzqs327ts6/crypto_134.gif?dl=1
field_element_test_203.gif,https://www.dropbox.com/s/vaf3k2axs76jyvl/field_element_test_203.gif?dl=1
msg_185.gif,https://www.dropbox.com/s/v9pzjl5woq6v79d/msg_185.gif?dl=1
contracts_446.gif,https://www.dropbox.com/s/6pqgqfmz9vltkcd/contracts_446.gif?dl=1
exec_queue_30.gif,https://www.dropbox.com/s/sfqzp2yp8ixku6m/exec_queue_30.gif?dl=1
signed_data_internal_test_86.gif,https://www.dropbox.com/s/s9euhqhxamu7562/signed_data_internal_test_86.gif?dl=1
accessors_state_25.gif,https://www.dropbox.com/s/97dayeyfm2e2l9j/accessors_state_25.gif?dl=1
statedb_test_360.gif,https://www.dropbox.com/s/rm3oe01cp9kspbo/statedb_test_360.gif?dl=1
blake2b_f_fuzz_9.gif,https://www.dropbox.com/s/kzy5ndu4umds1ge/blake2b_f_fuzz_9.gif?dl=1
freezer_table_test_466.gif,https://www.dropbox.com/s/kubxfbble9qenhd/freezer_table_test_466.gif?dl=1
compress_101.gif,https://www.dropbox.com/s/vwvtr485xu3ynx7/compress_101.gif?dl=1
decode_662.gif,https://www.dropbox.com/s/7nw0m20k9gcf9bs/decode_662.gif?dl=1
clientpool_test_526.gif,https://www.dropbox.com/s/93imfx53oqh2svs/clientpool_test_526.gif?dl=1
trie_prefetcher_217.gif,https://www.dropbox.com/s/yag65nlpg99sl5q/trie_prefetcher_217.gif?dl=1
fp_test_1006.gif,https://www.dropbox.com/s/a29196o0aicq09v/fp_test_1006.gif?dl=1
wallet_227.gif,https://www.dropbox.com/s/lgr5aperes8y4tj/wallet_227.gif?dl=1
blockchain_sethead_test_153.gif,https://www.dropbox.com/s/uc5a26csk388u3x/blockchain_sethead_test_153.gif?dl=1
net_229.gif,https://www.dropbox.com/s/djod1dmtqq24jcy/net_229.gif?dl=1
4byte_147015.gif,https://www.dropbox.com/s/5ihzs0tjbyel618/4byte_147015.gif?dl=1
discv4cmd_156.gif,https://www.dropbox.com/s/w68ag9nrj0nijsb/discv4cmd_156.gif?dl=1
network_577.gif,https://www.dropbox.com/s/56xw4obxequkodp/network_577.gif?dl=1
tx_fetcher_test_962.gif,https://www.dropbox.com/s/0pvu821z8od90uz/tx_fetcher_test_962.gif?dl=1
nodedb_218.gif,https://www.dropbox.com/s/l4rtqsik98mowye/nodedb_218.gif?dl=1
chain_indexer_470.gif,https://www.dropbox.com/s/d598vsghaauhmoi/chain_indexer_470.gif?dl=1
balance_657.gif,https://www.dropbox.com/s/tbqbo97mjlw2t0c/balance_657.gif?dl=1
headerchain_502.gif,https://www.dropbox.com/s/ecoqzsw7dsbyhk8/headerchain_502.gif?dl=1
messages-management_173.gif,https://www.dropbox.com/s/zimh6mqikywr28g/messages-management_173.gif?dl=1
receipt_287.gif,https://www.dropbox.com/s/nujieprml6phcj9/receipt_287.gif?dl=1
journal_82.gif,https://www.dropbox.com/s/x7m648fldrxe7ic/journal_82.gif?dl=1
fp_test_1239.gif,https://www.dropbox.com/s/3afgnosgcqwlps3/fp_test_1239.gif?dl=1
sample_499.gif,https://www.dropbox.com/s/w69z06o5fsg1svq/sample_499.gif?dl=1
queue_test_417.gif,https://www.dropbox.com/s/z3fnbq840823ffa/queue_test_417.gif?dl=1
method_test_99.gif,https://www.dropbox.com/s/q79j5xtjd1a9w8v/method_test_99.gif?dl=1
state_object_267.gif,https://www.dropbox.com/s/50stdp8ja1qz8g9/state_object_267.gif?dl=1
tx_fetcher_test_1081.gif,https://www.dropbox.com/s/8jff4q49owb7qpa/tx_fetcher_test_1081.gif?dl=1
dnscmd_122.gif,https://www.dropbox.com/s/jcx5qtd6m73ij5j/dnscmd_122.gif?dl=1
peerset_200.gif,https://www.dropbox.com/s/p58csbuokekcclh/peerset_200.gif?dl=1
gauge_float64_test_4.gif,https://www.dropbox.com/s/jd5wc88rguo2p9w/gauge_float64_test_4.gif?dl=1
bitutil_63.gif,https://www.dropbox.com/s/n9ioqs0dqr7kucf/bitutil_63.gif?dl=1
histogram_test_58.gif,https://www.dropbox.com/s/xknby2d0r7qek9t/histogram_test_58.gif?dl=1
decode_test_69.gif,https://www.dropbox.com/s/aguhiney76pbnv8/decode_test_69.gif?dl=1
suite_134.gif,https://www.dropbox.com/s/857wkpo27zc4j4m/suite_134.gif?dl=1
filter_system_442.gif,https://www.dropbox.com/s/gxzu2orz2co4d37/filter_system_442.gif?dl=1
util_39.gif,https://www.dropbox.com/s/e6fawrgs3fj8l7f/util_39.gif?dl=1
hub_242.gif,https://www.dropbox.com/s/z6sfy2vttofg902/hub_242.gif?dl=1
trie_prefetcher_test_70.gif,https://www.dropbox.com/s/k3vf7tmscoriwtr/trie_prefetcher_test_70.gif?dl=1
disklayer_47.gif,https://www.dropbox.com/s/es1gt121vlgjgdl/disklayer_47.gif?dl=1
event_58.gif,https://www.dropbox.com/s/ucqhysftxewd4nu/event_58.gif?dl=1
sample_test_245.gif,https://www.dropbox.com/s/kz20bo6ame1stci/sample_test_245.gif?dl=1
flags_1408.gif,https://www.dropbox.com/s/4y4qutace29g1ox/flags_1408.gif?dl=1
update-license_200.gif,https://www.dropbox.com/s/va8yhem483486d9/update-license_200.gif?dl=1
pairing_23.gif,https://www.dropbox.com/s/fhgmhofukfxa78q/pairing_23.gif?dl=1
disklayer_84.gif,https://www.dropbox.com/s/mavfoq7cpm97lip/disklayer_84.gif?dl=1
field_element_test_160.gif,https://www.dropbox.com/s/tz6cu8h27u01yg6/field_element_test_160.gif?dl=1
client_test_296.gif,https://www.dropbox.com/s/do41yndzq95127r/client_test_296.gif?dl=1
v4wire_132.gif,https://www.dropbox.com/s/7kanmo1tcncfx18/v4wire_132.gif?dl=1
decode_770.gif,https://www.dropbox.com/s/ii3n0yfqk9bws1n/decode_770.gif?dl=1
statedb_171.gif,https://www.dropbox.com/s/wfhrosdrra1zhqt/statedb_171.gif?dl=1
blockchain_snapshot_test_608.gif,https://www.dropbox.com/s/mcii6zd10ys9n20/blockchain_snapshot_test_608.gif?dl=1
ping-pong_96.gif,https://www.dropbox.com/s/l3fx8gxnbd0wdy6/ping-pong_96.gif?dl=1
utesting_229.gif,https://www.dropbox.com/s/i88olp27kh0jfys/utesting_229.gif?dl=1
field_element_test_107.gif,https://www.dropbox.com/s/drabmoqucipp3rs/field_element_test_107.gif?dl=1
g1_test_175.gif,https://www.dropbox.com/s/4cdkq2rj5umdhqh/g1_test_175.gif?dl=1
sstack_44.gif,https://www.dropbox.com/s/8yonutjd8rb8ryr/sstack_44.gif?dl=1
v4_udp_test_234.gif,https://www.dropbox.com/s/8yuxgj5uxdt1vqv/v4_udp_test_234.gif?dl=1
tx_fetcher_test_642.gif,https://www.dropbox.com/s/9j6k1vr45vwncjx/tx_fetcher_test_642.gif?dl=1
database_256.gif,https://www.dropbox.com/s/uwcnsozrzs0ws32/database_256.gif?dl=1
presale_103.gif,https://www.dropbox.com/s/sbzmbylqci1ohjg/presale_103.gif?dl=1
rlp_test_141.gif,https://www.dropbox.com/s/wknom3ivf0ry9dj/rlp_test_141.gif?dl=1
field_element_85.gif,https://www.dropbox.com/s/nde136qyc44257x/field_element_85.gif?dl=1
network_71.gif,https://www.dropbox.com/s/zra2otyhzprn9ad/network_71.gif?dl=1
decode_test_32.gif,https://www.dropbox.com/s/qskuqkjlkwlh8qr/decode_test_32.gif?dl=1
net_30.gif,https://www.dropbox.com/s/7xnoof9u8fo6fbn/net_30.gif?dl=1
receipt_237.gif,https://www.dropbox.com/s/l8j4jfob1uxyfij/receipt_237.gif?dl=1
signed_data_399.gif,https://www.dropbox.com/s/s677apvpcmpbc46/signed_data_399.gif?dl=1
disklayer_test_434.gif,https://www.dropbox.com/s/ljbie4ixn8v2m9a/disklayer_test_434.gif?dl=1
analysis_80.gif,https://www.dropbox.com/s/ihw43woireqbmko/analysis_80.gif?dl=1
error_test_27.gif,https://www.dropbox.com/s/ylpby05f224ezbr/error_test_27.gif?dl=1
dnscmd_192.gif,https://www.dropbox.com/s/tbgguzrztxllcwg/dnscmd_192.gif?dl=1
module_explorer_137.gif,https://www.dropbox.com/s/jmpb8ghps2x3bwc/module_explorer_137.gif?dl=1
iterator_fast_291.gif,https://www.dropbox.com/s/6jzm3v20u2atghc/iterator_fast_291.gif?dl=1
bn256_test_123.gif,https://www.dropbox.com/s/oxu2rgft2pc48z9/bn256_test_123.gif?dl=1
big_test_63.gif,https://www.dropbox.com/s/9g18bpp5hgr41of/big_test_63.gif?dl=1
secure_trie_test_29.gif,https://www.dropbox.com/s/91e3ieuftj6c1z6/secure_trie_test_29.gif?dl=1
freezer_table_test_366.gif,https://www.dropbox.com/s/9hat1iz016zlnx9/freezer_table_test_366.gif?dl=1
fp2_147.gif,https://www.dropbox.com/s/xykelndazbecked/fp2_147.gif?dl=1
block_fetcher_833.gif,https://www.dropbox.com/s/0ig5983sfdk1952/block_fetcher_833.gif?dl=1
assets_27.gif,https://www.dropbox.com/s/b46h05i7j7y6m7e/assets_27.gif?dl=1
chain_makers_52.gif,https://www.dropbox.com/s/b4kub2s2zeqb27o/chain_makers_52.gif?dl=1
difficulty-fuzz_35.gif,https://www.dropbox.com/s/6hs490u6lga59i6/difficulty-fuzz_35.gif?dl=1
rules_test_581.gif,https://www.dropbox.com/s/r63ebzopmvsawv2/rules_test_581.gif?dl=1
crypto_218.gif,https://www.dropbox.com/s/vv37hjol2tpiclr/crypto_218.gif?dl=1
trie_prefetcher_265.gif,https://www.dropbox.com/s/4if5ii7587dz0fj/trie_prefetcher_265.gif?dl=1
http_test_226.gif,https://www.dropbox.com/s/nyw88rr5nighgf8/http_test_226.gif?dl=1
txrelay_79.gif,https://www.dropbox.com/s/qviczq7w5pv4b43/txrelay_79.gif?dl=1
simclock_172.gif,https://www.dropbox.com/s/557rp9cbhmslx89/simclock_172.gif?dl=1
http_576.gif,https://www.dropbox.com/s/zc5nyaosnpvo3uk/http_576.gif?dl=1
update-license_312.gif,https://www.dropbox.com/s/wwduwaexpq6d3qn/update-license_312.gif?dl=1
arithmetic_decl_25.gif,https://www.dropbox.com/s/3g675fbxlmeg6mh/arithmetic_decl_25.gif?dl=1
blake2b_test_219.gif,https://www.dropbox.com/s/0l1k0er7cp1jgf1/blake2b_test_219.gif?dl=1
wallet_268.gif,https://www.dropbox.com/s/fwveqrz7fdgmizf/wallet_268.gif?dl=1
network_263.gif,https://www.dropbox.com/s/sbuxkmvypax2ge7/network_263.gif?dl=1
downloader_test_175.gif,https://www.dropbox.com/s/e3sbm2yx7l15ddy/downloader_test_175.gif?dl=1
fourbyte_40.gif,https://www.dropbox.com/s/z78ua0a4lmw7cgk/fourbyte_40.gif?dl=1
typecache_124.gif,https://www.dropbox.com/s/44nm6v093hgtufz/typecache_124.gif?dl=1
tracer_249.gif,https://www.dropbox.com/s/cuw8ho7synevy6x/tracer_249.gif?dl=1
encode_422.gif,https://www.dropbox.com/s/u2of843d7nw8ixg/encode_422.gif?dl=1
wizard_310.gif,https://www.dropbox.com/s/6konbfth1ttkcto/wizard_310.gif?dl=1
chain_test_30.gif,https://www.dropbox.com/s/qxcbiahyk7pv5mu/chain_test_30.gif?dl=1
rpcstack_117.gif,https://www.dropbox.com/s/jtxhcisvvmjfkz1/rpcstack_117.gif?dl=1
queue_339.gif,https://www.dropbox.com/s/q1ebzz1gcdad878/queue_339.gif?dl=1
chain_42.gif,https://www.dropbox.com/s/y4pdkbjq11xuy5v/chain_42.gif?dl=1
rlpx_test_369.gif,https://www.dropbox.com/s/stork8aajx8q4w7/rlpx_test_369.gif?dl=1
jsre_105.gif,https://www.dropbox.com/s/7cijhvd6657siqf/jsre_105.gif?dl=1
signature_test_118.gif,https://www.dropbox.com/s/1ngnbpj45dgmoqq/signature_test_118.gif?dl=1
pgp_34.gif,https://www.dropbox.com/s/bfg1ykdew3jvopw/pgp_34.gif?dl=1
accessors_chain_795.gif,https://www.dropbox.com/s/l868tjye680khr6/accessors_chain_795.gif?dl=1
rangeproof-fuzzer_93.gif,https://www.dropbox.com/s/rs0nuloup583oti/rangeproof-fuzzer_93.gif?dl=1
g2_test_140.gif,https://www.dropbox.com/s/7trumi23ha2i0ol/g2_test_140.gif?dl=1
nodedb_134.gif,https://www.dropbox.com/s/v6qkh762hxa9k6t/nodedb_134.gif?dl=1
v5_udp_test_280.gif,https://www.dropbox.com/s/luhfh9fegpk3i0r/v5_udp_test_280.gif?dl=1
fp_test_1115.gif,https://www.dropbox.com/s/l6lr73tc7nf9hwd/fp_test_1115.gif?dl=1
solidity_test_35.gif,https://www.dropbox.com/s/7ok59ma1ibrpuad/solidity_test_35.gif?dl=1
gen_config_18.gif,https://www.dropbox.com/s/vgl6rsfzzthigtb/gen_config_18.gif?dl=1
customflags_37.gif,https://www.dropbox.com/s/heq0wqkm3vmdw65/customflags_37.gif?dl=1
mkalloc_45.gif,https://www.dropbox.com/s/hkcy7f4p7ld7sg4/mkalloc_45.gif?dl=1
encode_52.gif,https://www.dropbox.com/s/avxf3imo0583jim/encode_52.gif?dl=1
histogram_62.gif,https://www.dropbox.com/s/0esqz725k3hbe8g/histogram_62.gif?dl=1
ssh_189.gif,https://www.dropbox.com/s/14k0ybaybfcb86h/ssh_189.gif?dl=1
difficulty_test_40.gif,https://www.dropbox.com/s/unjprhacqclch1w/difficulty_test_40.gif?dl=1
iterator_fast_119.gif,https://www.dropbox.com/s/1xzgbxhbbf6ebpc/iterator_fast_119.gif?dl=1
messages-management_1427.gif,https://www.dropbox.com/s/ldpwrubossxfy5m/messages-management_1427.gif?dl=1
type_test_118.gif,https://www.dropbox.com/s/02apai5uajiyvqv/type_test_118.gif?dl=1
blockchain_1089.gif,https://www.dropbox.com/s/adi13kc3y9ss2zy/blockchain_1089.gif?dl=1
expiredvalue_test_24.gif,https://www.dropbox.com/s/md44fg8i6fzfd8i/expiredvalue_test_24.gif?dl=1
plain_test_33.gif,https://www.dropbox.com/s/4bmnnb0pe7pjevh/plain_test_33.gif?dl=1
statedb_827.gif,https://www.dropbox.com/s/zz0ecna9xrqr2yw/statedb_827.gif?dl=1
decode_217.gif,https://www.dropbox.com/s/8w4ptzo16qxm45v/decode_217.gif?dl=1
statedb_364.gif,https://www.dropbox.com/s/oaolfa25rv120op/statedb_364.gif?dl=1
misccmd_105.gif,https://www.dropbox.com/s/4j4y0dkjyo5n49p/misccmd_105.gif?dl=1
encode_583.gif,https://www.dropbox.com/s/sygj9ylhmxmixo1/encode_583.gif?dl=1
assets_340.gif,https://www.dropbox.com/s/ovh40htyyhq1ljh/assets_340.gif?dl=1
bloom_75.gif,https://www.dropbox.com/s/eq64uguo81hijbw/bloom_75.gif?dl=1
http_test_184.gif,https://www.dropbox.com/s/8ittg6p432qav1t/http_test_184.gif?dl=1
timer_265.gif,https://www.dropbox.com/s/f0vpj4nhnqu6js1/timer_265.gif?dl=1
solidity_60.gif,https://www.dropbox.com/s/y75hh6c404x866d/solidity_60.gif?dl=1
ecies_266.gif,https://www.dropbox.com/s/8knjt9cm3tpiq42/ecies_266.gif?dl=1
connect_84.gif,https://www.dropbox.com/s/fkgdmaaqgynl3m1/connect_84.gif?dl=1
http_170.gif,https://www.dropbox.com/s/n1amej5gb9e5np5/http_170.gif?dl=1
blake2b_207.gif,https://www.dropbox.com/s/coijtsic3ujqvqx/blake2b_207.gif?dl=1
trie_prefetcher_110.gif,https://www.dropbox.com/s/runuo0bfiyupkiq/trie_prefetcher_110.gif?dl=1
queue_test_261.gif,https://www.dropbox.com/s/fyqcthcp62mhcnz/queue_test_261.gif?dl=1
collector_test_10.gif,https://www.dropbox.com/s/76gdc5xx0urqd51/collector_test_10.gif?dl=1
servingqueue_71.gif,https://www.dropbox.com/s/qrt2o5yya8d16cz/servingqueue_71.gif?dl=1
registry_test_173.gif,https://www.dropbox.com/s/pfez3al0292driu/registry_test_173.gif?dl=1
iter_202.gif,https://www.dropbox.com/s/6cg6e0v9m5ggzqx/iter_202.gif?dl=1
decode_411.gif,https://www.dropbox.com/s/0b8c0pjiov46edr/decode_411.gif?dl=1
protocol_175.gif,https://www.dropbox.com/s/huomqhtt1eypn8z/protocol_175.gif?dl=1
pairing_133.gif,https://www.dropbox.com/s/ki5n8t6y8mah4kx/pairing_133.gif?dl=1
hasher_67.gif,https://www.dropbox.com/s/p6leu28fvl3rt4l/hasher_67.gif?dl=1
nodeset_51.gif,https://www.dropbox.com/s/9lfb1tewhj1ylqk/nodeset_51.gif?dl=1
passphrase_185.gif,https://www.dropbox.com/s/cl21wgo7eg2chnb/passphrase_185.gif?dl=1
http_test_755.gif,https://www.dropbox.com/s/awrb1emdcig0la7/http_test_755.gif?dl=1
nodedb_254.gif,https://www.dropbox.com/s/ap33vm2fovhosti/nodedb_254.gif?dl=1
blake2bAVX2_amd64_447.gif,https://www.dropbox.com/s/w61qekw0fgq3wod/blake2bAVX2_amd64_447.gif?dl=1
feed_test_277.gif,https://www.dropbox.com/s/g6p2p5ynjt0phqn/feed_test_277.gif?dl=1
les-fuzzer_229.gif,https://www.dropbox.com/s/zmk53x6r5utxmci/les-fuzzer_229.gif?dl=1
tx_fetcher_test_709.gif,https://www.dropbox.com/s/ucmgjrns4cpmh45/tx_fetcher_test_709.gif?dl=1
asm_test_25.gif,https://www.dropbox.com/s/7k2mhpkncoc84ms/asm_test_25.gif?dl=1
gen_ed_50.gif,https://www.dropbox.com/s/1tflzoykzwmq4sl/gen_ed_50.gif?dl=1
encode_178.gif,https://www.dropbox.com/s/q41wvrcx3p6s0bb/encode_178.gif?dl=1
distributor_124.gif,https://www.dropbox.com/s/log5up3pglf1qlz/distributor_124.gif?dl=1
sync_test_400.gif,https://www.dropbox.com/s/697plnzmxjfihj1/sync_test_400.gif?dl=1
database_42.gif,https://www.dropbox.com/s/z9hfn1tis25rhch/database_42.gif?dl=1
net_271.gif,https://www.dropbox.com/s/r8p0bunri42lem1/net_271.gif?dl=1
defaults_57.gif,https://www.dropbox.com/s/afnvb1ilb4tjhni/defaults_57.gif?dl=1
example_feed_test_24.gif,https://www.dropbox.com/s/q1yttx922cv9pjn/example_feed_test_24.gif?dl=1
http_test_595.gif,https://www.dropbox.com/s/zyc3klfyqbp2lkb/http_test_595.gif?dl=1
stacktrie_374.gif,https://www.dropbox.com/s/hvdvc3y00anpxov/stacktrie_374.gif?dl=1
iterator_test_27.gif,https://www.dropbox.com/s/atee8upu4nhpsh5/iterator_test_27.gif?dl=1
bn256_207.gif,https://www.dropbox.com/s/bxn1tv1kag4n3yq/bn256_207.gif?dl=1
reflect_37.gif,https://www.dropbox.com/s/wnr70mwmdyiuu3b/reflect_37.gif?dl=1
example_scope_test_79.gif,https://www.dropbox.com/s/9nj0u9197n3uy2h/example_scope_test_79.gif?dl=1
sample_test_195.gif,https://www.dropbox.com/s/h4y2wxw8odf6flc/sample_test_195.gif?dl=1
contract_133.gif,https://www.dropbox.com/s/mzrv08gmo5chnus/contract_133.gif?dl=1
key_93.gif,https://www.dropbox.com/s/yf4ph12w5k9jm6p/key_93.gif?dl=1
les-fuzzer_189.gif,https://www.dropbox.com/s/dg12q3qcf5x4zir/les-fuzzer_189.gif?dl=1
blockchain_sethead_test_533.gif,https://www.dropbox.com/s/l5da0i0akm81bmo/blockchain_sethead_test_533.gif?dl=1
registry_test_96.gif,https://www.dropbox.com/s/b33tbz7dl2zd80e/registry_test_96.gif?dl=1
leveldb_455.gif,https://www.dropbox.com/s/uhgjjd4yx137vzv/leveldb_455.gif?dl=1
receipt_test_163.gif,https://www.dropbox.com/s/b92o6fxqtut50ha/receipt_test_163.gif?dl=1
queueiterator_77.gif,https://www.dropbox.com/s/9rxymqsird3h6kc/queueiterator_77.gif?dl=1
table_util_test_110.gif,https://www.dropbox.com/s/2wvxago8z0hn3o7/table_util_test_110.gif?dl=1
gen_receipt_json_16.gif,https://www.dropbox.com/s/ke3opijxqwbjh0e/gen_receipt_json_16.gif?dl=1
v4_udp_test_550.gif,https://www.dropbox.com/s/6rth9wb4r6qtik2/v4_udp_test_550.gif?dl=1
transaction_116.gif,https://www.dropbox.com/s/tualvxq8oddlkcv/transaction_116.gif?dl=1
websocket_test_80.gif,https://www.dropbox.com/s/54e39czvjfg2qd8/websocket_test_80.gif?dl=1
blake2bAVX2_amd64_532.gif,https://www.dropbox.com/s/xf3p9ra89y5qit4/blake2bAVX2_amd64_532.gif?dl=1
memorydb_86.gif,https://www.dropbox.com/s/18m0mfhknnxnpoe/memorydb_86.gif?dl=1
instructions_test_307.gif,https://www.dropbox.com/s/wynm2jsp401lyvn/instructions_test_307.gif?dl=1
crypto_test_94.gif,https://www.dropbox.com/s/7eq0fvxzbpipow8/crypto_test_94.gif?dl=1
integer_44.gif,https://www.dropbox.com/s/xlt81jj6s0w0xm5/integer_44.gif?dl=1
iter_159.gif,https://www.dropbox.com/s/1gtlnl1uch9c41x/iter_159.gif?dl=1
primitives_66.gif,https://www.dropbox.com/s/qhn0k37t20ro5ow/primitives_66.gif?dl=1
prque_29.gif,https://www.dropbox.com/s/c0sfbkoypk8yxc2/prque_29.gif?dl=1
server_test_90.gif,https://www.dropbox.com/s/fepcuumlbd93jn4/server_test_90.gif?dl=1
raw_107.gif,https://www.dropbox.com/s/lffhldhbm5t7w0q/raw_107.gif?dl=1
iter_70.gif,https://www.dropbox.com/s/uigim58y2gviu66/iter_70.gif?dl=1
state_object_35.gif,https://www.dropbox.com/s/rtcfnwexb25xawh/state_object_35.gif?dl=1
decode_951.gif,https://www.dropbox.com/s/7zj058in6df58n3/decode_951.gif?dl=1
distributor_test_93.gif,https://www.dropbox.com/s/bly004rtiimdtjg/distributor_test_93.gif?dl=1
disklayer_test_220.gif,https://www.dropbox.com/s/vw3513mfopwoh8f/disklayer_test_220.gif?dl=1
contracts_test_93.gif,https://www.dropbox.com/s/4jc0wrx5j2uo0vb/contracts_test_93.gif?dl=1
http_test_817.gif,https://www.dropbox.com/s/fm3hr723ohx7g5s/http_test_817.gif?dl=1
balance_test_261.gif,https://www.dropbox.com/s/3bkoh4uie6r2rwi/balance_test_261.gif?dl=1
runtime_147.gif,https://www.dropbox.com/s/s8w98eaet988lq8/runtime_147.gif?dl=1
modes_31.gif,https://www.dropbox.com/s/c2zt48012r1sghl/modes_31.gif?dl=1
handler_test_530.gif,https://www.dropbox.com/s/43l0shb5atn7otb/handler_test_530.gif?dl=1
network_test_288.gif,https://www.dropbox.com/s/5caigfoa0hnjofj/network_test_288.gif?dl=1
prompter_81.gif,https://www.dropbox.com/s/pazom5q8elyvnbi/prompter_81.gif?dl=1
blockchain_sethead_test_480.gif,https://www.dropbox.com/s/qx23n45vvzf21dw/blockchain_sethead_test_480.gif?dl=1
v4_udp_test_144.gif,https://www.dropbox.com/s/9bm8sak7mmt5gka/v4_udp_test_144.gif?dl=1
stacktrie_test_105.gif,https://www.dropbox.com/s/j7lo6utulrelcif/stacktrie_test_105.gif?dl=1
control_258.gif,https://www.dropbox.com/s/iv0dhmz7mcfwas5/control_258.gif?dl=1
client_test_156.gif,https://www.dropbox.com/s/cb20h57ei9bll8l/client_test_156.gif?dl=1
enr_test_111.gif,https://www.dropbox.com/s/tktwq5s32c5fhpk/enr_test_111.gif?dl=1
gfp_generic_112.gif,https://www.dropbox.com/s/hmd286hp5r40xpt/gfp_generic_112.gif?dl=1
secp256_test_62.gif,https://www.dropbox.com/s/ybkurn3rvuk7edg/secp256_test_62.gif?dl=1
hexutil_138.gif,https://www.dropbox.com/s/vxqe84jvz8fwn92/hexutil_138.gif?dl=1
timer_116.gif,https://www.dropbox.com/s/9bxys0xeatnvvp3/timer_116.gif?dl=1
fp_test_823.gif,https://www.dropbox.com/s/dy6ixahmjofxjgx/fp_test_823.gif?dl=1
pairing_test_120.gif,https://www.dropbox.com/s/ky9dp10htd9i3hd/pairing_test_120.gif?dl=1
fdlimit_unix_26.gif,https://www.dropbox.com/s/e4sbfdmk9y3jc97/fdlimit_unix_26.gif?dl=1
worker_240.gif,https://www.dropbox.com/s/ed9z7vy3bcyfue9/worker_240.gif?dl=1
gt_31.gif,https://www.dropbox.com/s/fr8qqdj7akl99dk/gt_31.gif?dl=1
fp2_182.gif,https://www.dropbox.com/s/lxkq0e6zde87zwg/fp2_182.gif?dl=1
opcodes_390.gif,https://www.dropbox.com/s/dm1a17b38wuixbi/opcodes_390.gif?dl=1
transaction_marshalling_101.gif,https://www.dropbox.com/s/7rcqd8jgqz50zkg/transaction_marshalling_101.gif?dl=1
fp12_165.gif,https://www.dropbox.com/s/2elbdlifopbglfu/fp12_165.gif?dl=1
messages-management_462.gif,https://www.dropbox.com/s/arovcm2rsnh39e5/messages-management_462.gif?dl=1
blake2x_49.gif,https://www.dropbox.com/s/0q1y1r9679bblov/blake2x_49.gif?dl=1
registry_test_6.gif,https://www.dropbox.com/s/dg2ka3hewsb4m8r/registry_test_6.gif?dl=1
graphql_153.gif,https://www.dropbox.com/s/m2kx5xc7ovny0iu/graphql_153.gif?dl=1
dial_test_500.gif,https://www.dropbox.com/s/d8m55vw3e14f5ih/dial_test_500.gif?dl=1
simulation_92.gif,https://www.dropbox.com/s/519ejg9x0jamk5n/simulation_92.gif?dl=1
range_34.gif,https://www.dropbox.com/s/puvbvm87acthq4c/range_34.gif?dl=1
tx_pool_test_313.gif,https://www.dropbox.com/s/scv8jvrviqi6hzy/tx_pool_test_313.gif?dl=1
fp_test_188.gif,https://www.dropbox.com/s/pvyygy6l6xnxet0/fp_test_188.gif?dl=1
resetting_timer_test_7.gif,https://www.dropbox.com/s/ho3wpyy52eogf07/resetting_timer_test_7.gif?dl=1
fp_test_361.gif,https://www.dropbox.com/s/66kiqok253y8sb9/fp_test_361.gif?dl=1
blockchain_repair_test_342.gif,https://www.dropbox.com/s/z0gcx3eiuejeuci/blockchain_repair_test_342.gif?dl=1
tx_list_167.gif,https://www.dropbox.com/s/6v5d27om6kbeh9o/tx_list_167.gif?dl=1
decode_367.gif,https://www.dropbox.com/s/xpomk0vh78flkms/decode_367.gif?dl=1
balance_test_300.gif,https://www.dropbox.com/s/1hwhbo0l5693j8t/balance_test_300.gif?dl=1
enrcmd_129.gif,https://www.dropbox.com/s/gtqzalj71no531k/enrcmd_129.gif?dl=1
expiredvalue_202.gif,https://www.dropbox.com/s/jz6fqrhoudfuo8b/expiredvalue_202.gif?dl=1
sample_348.gif,https://www.dropbox.com/s/7kliq2c7ginffyi/sample_348.gif?dl=1
ecies_test_142.gif,https://www.dropbox.com/s/wdi7p1isg0hj6m8/ecies_test_142.gif?dl=1
statedb_test_249.gif,https://www.dropbox.com/s/a0aq5qcm62svkdg/statedb_test_249.gif?dl=1
freezer_table_test_759.gif,https://www.dropbox.com/s/e4vdv2h016a6jwb/freezer_table_test_759.gif?dl=1
runtime_56.gif,https://www.dropbox.com/s/osrkk0pj2nfs5m3/runtime_56.gif?dl=1
journal_215.gif,https://www.dropbox.com/s/caz7kfah33ohchd/journal_215.gif?dl=1
nodedb_test_32.gif,https://www.dropbox.com/s/i1yctp6cqp7k04x/nodedb_test_32.gif?dl=1
field_element_41.gif,https://www.dropbox.com/s/za2kdjb0yjaql1q/field_element_41.gif?dl=1
trie_345.gif,https://www.dropbox.com/s/xb3pb5ajea46bbc/trie_345.gif?dl=1
v5_udp_258.gif,https://www.dropbox.com/s/8qefwbg4r7g5607/v5_udp_258.gif?dl=1
pairing_94.gif,https://www.dropbox.com/s/agjqzkb0744mjge/pairing_94.gif?dl=1
memorydb_244.gif,https://www.dropbox.com/s/jvjhcyf3se735sj/memorydb_244.gif?dl=1
localnode_233.gif,https://www.dropbox.com/s/woqaqylnr6u80um/localnode_233.gif?dl=1
rpcstack_test_162.gif,https://www.dropbox.com/s/oc145kxn4bog0sv/rpcstack_test_162.gif?dl=1
tx_list_211.gif,https://www.dropbox.com/s/odq6nebkx04sd8l/tx_list_211.gif?dl=1
blockchain_sethead_test_55.gif,https://www.dropbox.com/s/q66jbuyzi7bfxbp/blockchain_sethead_test_55.gif?dl=1
worker_447.gif,https://www.dropbox.com/s/izy8xbr6j18ynk2/worker_447.gif?dl=1
discv5tests_303.gif,https://www.dropbox.com/s/1gk4bhtej8lo0f6/discv5tests_303.gif?dl=1
bridge_101.gif,https://www.dropbox.com/s/1p4f02atvgy8ytd/bridge_101.gif?dl=1
typecache_74.gif,https://www.dropbox.com/s/h7kig6i3qv2i9h9/typecache_74.gif?dl=1
chain_test_125.gif,https://www.dropbox.com/s/kdzdhgtxh81fp5b/chain_test_125.gif?dl=1
enr_197.gif,https://www.dropbox.com/s/79l90dc9fzfkr9u/enr_197.gif?dl=1
dbcmd_191.gif,https://www.dropbox.com/s/mmr738xly3p05em/dbcmd_191.gif?dl=1
filter_system_150.gif,https://www.dropbox.com/s/7vrhvm5pej10en3/filter_system_150.gif?dl=1
rules_test_427.gif,https://www.dropbox.com/s/reool1tazdf8fcv/rules_test_427.gif?dl=1
server_197.gif,https://www.dropbox.com/s/bd034b9u0pkoqqs/server_197.gif?dl=1
fp2_66.gif,https://www.dropbox.com/s/nyx5k79tsozdjay/fp2_66.gif?dl=1
archive_149.gif,https://www.dropbox.com/s/5j56cdehqvauy0v/archive_149.gif?dl=1
block_test_234.gif,https://www.dropbox.com/s/uu81hqom6dnqak2/block_test_234.gif?dl=1
debug_test_9.gif,https://www.dropbox.com/s/s9e22ie146fzwzv/debug_test_9.gif?dl=1
weighted_select_test_28.gif,https://www.dropbox.com/s/7ocswyffxv3nozr/weighted_select_test_28.gif?dl=1
console_test_188.gif,https://www.dropbox.com/s/fvs6lfjlmh3ni72/console_test_188.gif?dl=1
msgrate_369.gif,https://www.dropbox.com/s/dyvbs9gfr93n8ey/msgrate_369.gif?dl=1
gfp6_20.gif,https://www.dropbox.com/s/wr3zdloqg4dsy9t/gfp6_20.gif?dl=1
histogram_170.gif,https://www.dropbox.com/s/cmar2wenftiu1ob/histogram_170.gif?dl=1
eips_38.gif,https://www.dropbox.com/s/weud5ofgme7aj1w/eips_38.gif?dl=1
g2_test_178.gif,https://www.dropbox.com/s/zyo79jrzcgygf1f/g2_test_178.gif?dl=1
4byte_146976.gif,https://www.dropbox.com/s/v09xuoubrjnrx54/4byte_146976.gif?dl=1
v5_udp_299.gif,https://www.dropbox.com/s/88f0e47zjebutl8/v5_udp_299.gif?dl=1
trie_test_258.gif,https://www.dropbox.com/s/vv51rl2gqkcocn0/trie_test_258.gif?dl=1
bn256_374.gif,https://www.dropbox.com/s/vn3ext2mk5fwpi1/bn256_374.gif?dl=1
timer_test_46.gif,https://www.dropbox.com/s/xpfy3hvudq6q7w8/timer_test_46.gif?dl=1
fdlimit_bsd_29.gif,https://www.dropbox.com/s/gz1td19vb0eqt2x/fdlimit_bsd_29.gif?dl=1
encode_test_461.gif,https://www.dropbox.com/s/ulnmxa4z3x0eh0z/encode_test_461.gif?dl=1
simclock_test_26.gif,https://www.dropbox.com/s/on0pigfuukunjuh/simclock_test_26.gif?dl=1
customflags_148.gif,https://www.dropbox.com/s/lmmrsl9eta37ktr/customflags_148.gif?dl=1
gen_header_json_58.gif,https://www.dropbox.com/s/tjdxlmqsls920c1/gen_header_json_58.gif?dl=1
exp_97.gif,https://www.dropbox.com/s/jhfvkiqir3929p7/exp_97.gif?dl=1
types_72.gif,https://www.dropbox.com/s/jtn3eab3bmv8dqr/types_72.gif?dl=1
rlpx_299.gif,https://www.dropbox.com/s/b0lrjzrsh72ox8c/rlpx_299.gif?dl=1
accessors_chain_168.gif,https://www.dropbox.com/s/daiy8xtnaviyfow/accessors_chain_168.gif?dl=1
sample_test_151.gif,https://www.dropbox.com/s/o8ghwecjw985t84/sample_test_151.gif?dl=1
graphql_409.gif,https://www.dropbox.com/s/yql99prkfd5n95d/graphql_409.gif?dl=1
metrics_37.gif,https://www.dropbox.com/s/qoxgk7mnsuphwyt/metrics_37.gif?dl=1
client_test_394.gif,https://www.dropbox.com/s/ux0kirrtpwmzxk2/client_test_394.gif?dl=1
decode_1000.gif,https://www.dropbox.com/s/cvtkwez1tmar3y2/decode_1000.gif?dl=1
trie_fuzzer_121.gif,https://www.dropbox.com/s/wn5fzdo7ig5z0mw/trie_fuzzer_121.gif?dl=1
bn256_test_13.gif,https://www.dropbox.com/s/qjdo6jhqwd71862/bn256_test_13.gif?dl=1
decode_test_1053.gif,https://www.dropbox.com/s/r40ivbbstplpl5h/decode_test_1053.gif?dl=1
ecies_test_236.gif,https://www.dropbox.com/s/w3ciltg9ppqp8td/ecies_test_236.gif?dl=1
messages-ethereum_602.gif,https://www.dropbox.com/s/xtozm8rkz4vpao6/messages-ethereum_602.gif?dl=1
discv4cmd_121.gif,https://www.dropbox.com/s/341cssrl6x83q45/discv4cmd_121.gif?dl=1
handler_eth_test_591.gif,https://www.dropbox.com/s/t7ti43xsxbxzukx/handler_eth_test_591.gif?dl=1
test_114.gif,https://www.dropbox.com/s/ip6o6n4ynrwpuf7/test_114.gif?dl=1
ethash_494.gif,https://www.dropbox.com/s/x0k63cnr48wwti9/ethash_494.gif?dl=1
registry_97.gif,https://www.dropbox.com/s/ogvd4nciw77z5dg/registry_97.gif?dl=1
raw_test_62.gif,https://www.dropbox.com/s/w93nbbniqr2e72c/raw_test_62.gif?dl=1
g2_30.gif,https://www.dropbox.com/s/ti2gxp9b2gblyio/g2_30.gif?dl=1
freezer_table_test_410.gif,https://www.dropbox.com/s/uglbtczvfgd3th3/freezer_table_test_410.gif?dl=1
memorydb_125.gif,https://www.dropbox.com/s/usgudzap6bdge4s/memorydb_125.gif?dl=1
bindata_102.gif,https://www.dropbox.com/s/7az85k88a97qxrx/bindata_102.gif?dl=1
node_test_25.gif,https://www.dropbox.com/s/ka0w82kl2k98bqy/node_test_25.gif?dl=1
odr_78.gif,https://www.dropbox.com/s/e9vtj5205f2r86l/odr_78.gif?dl=1
bn256_fuzz_54.gif,https://www.dropbox.com/s/esg614q6lb9rmpf/bn256_fuzz_54.gif?dl=1
fdlimit_darwin_26.gif,https://www.dropbox.com/s/4l8hk5bxb8zlpyb/fdlimit_darwin_26.gif?dl=1
handler_146.gif,https://www.dropbox.com/s/23vtcwwj037k7r9/handler_146.gif?dl=1
bitutil_107.gif,https://www.dropbox.com/s/448zr6etudnx922/bitutil_107.gif?dl=1
timer_81.gif,https://www.dropbox.com/s/lohp737eyp5omzm/timer_81.gif?dl=1
table_167.gif,https://www.dropbox.com/s/dvu3c81si56fkg1/table_167.gif?dl=1
geth_87.gif,https://www.dropbox.com/s/7eb129vc5aqgmok/geth_87.gif?dl=1
prque_test_53.gif,https://www.dropbox.com/s/whjtd1j3vco5zct/prque_test_53.gif?dl=1
dbcmd_379.gif,https://www.dropbox.com/s/vaml6kli667z366/dbcmd_379.gif?dl=1
downloader_test_212.gif,https://www.dropbox.com/s/vmxko7fvn9gzux3/downloader_test_212.gif?dl=1
proof_test_749.gif,https://www.dropbox.com/s/nl2t0ae7mke32ia/proof_test_749.gif?dl=1
chaincmd_217.gif,https://www.dropbox.com/s/ze2ptph8tt80on6/chaincmd_217.gif?dl=1
fp12_205.gif,https://www.dropbox.com/s/l4bncc4qd9o0xv5/fp12_205.gif?dl=1
meter_227.gif,https://www.dropbox.com/s/xp4by58kkqi5c4w/meter_227.gif?dl=1
forkid_200.gif,https://www.dropbox.com/s/78lgvt3cshmrdtc/forkid_200.gif?dl=1
peer_test_42.gif,https://www.dropbox.com/s/ifsmyplp9ygghod/peer_test_42.gif?dl=1
histogram_98.gif,https://www.dropbox.com/s/6542hpaluklrx2t/histogram_98.gif?dl=1
gen_log_json_15.gif,https://www.dropbox.com/s/2t71hi42r5u593c/gen_log_json_15.gif?dl=1
hashing_test_172.gif,https://www.dropbox.com/s/2joe13f5rwqhawp/hashing_test_172.gif?dl=1
http_test_424.gif,https://www.dropbox.com/s/9gisi29lwhypia9/http_test_424.gif?dl=1
queueiterator_test_28.gif,https://www.dropbox.com/s/mjjr5tzakbglifn/queueiterator_test_28.gif?dl=1
nodedb_441.gif,https://www.dropbox.com/s/jsc1lp7q44ax52s/nodedb_441.gif?dl=1
timer_test_9.gif,https://www.dropbox.com/s/wncu3uo1oynwdgt/timer_test_9.gif?dl=1
v4_udp_test_595.gif,https://www.dropbox.com/s/wim1lizn378vanv/v4_udp_test_595.gif?dl=1
control_72.gif,https://www.dropbox.com/s/tuynlf0jdau07qa/control_72.gif?dl=1
tx_journal_39.gif,https://www.dropbox.com/s/dlwh6mrd8ijaqwf/tx_journal_39.gif?dl=1