0033.gif,https://www.dropbox.com/s/ztljbn4hb1o3jjw/0033.gif?dl=1
0027.gif,https://www.dropbox.com/s/rnsvqevrgce0do0/0027.gif?dl=1
0026.gif,https://www.dropbox.com/s/musclb2jtpvnqm2/0026.gif?dl=1
0032.gif,https://www.dropbox.com/s/fgxryw1izaphpmr/0032.gif?dl=1
0024.gif,https://www.dropbox.com/s/wqrr92qngc2f89g/0024.gif?dl=1
0030.gif,https://www.dropbox.com/s/4974bjxg58wjet2/0030.gif?dl=1
0018.gif,https://www.dropbox.com/s/qaj7s728lz1jbbx/0018.gif?dl=1
0019.gif,https://www.dropbox.com/s/dbb9eq2eude5lrt/0019.gif?dl=1
0031.gif,https://www.dropbox.com/s/0l21ef2700cihzs/0031.gif?dl=1
0025.gif,https://www.dropbox.com/s/0fivgkx6dov5ado/0025.gif?dl=1
0009.gif,https://www.dropbox.com/s/ciq1y7xldxg7vwv/0009.gif?dl=1
0021.gif,https://www.dropbox.com/s/8pvsxg4kqsqhwmi/0021.gif?dl=1
0035.gif,https://www.dropbox.com/s/n39nrrekogt4d2d/0035.gif?dl=1
0034.gif,https://www.dropbox.com/s/o2ckm5kb703ihm4/0034.gif?dl=1
0020.gif,https://www.dropbox.com/s/rp0axaofi1zq7yx/0020.gif?dl=1
0008.gif,https://www.dropbox.com/s/6sspmzbc7xcbz79/0008.gif?dl=1
0036.gif,https://www.dropbox.com/s/vh1996oanqxj8jt/0036.gif?dl=1
0022.gif,https://www.dropbox.com/s/4t1udgvfmew33fy/0022.gif?dl=1
0023.gif,https://www.dropbox.com/s/nxntol2p1s9c0ek/0023.gif?dl=1
0037.gif,https://www.dropbox.com/s/56yrai77dj8e1it/0037.gif?dl=1
0044.gif,https://www.dropbox.com/s/2m4jn2fanqgym63/0044.gif?dl=1
0045.gif,https://www.dropbox.com/s/9rui2e4t1rzy4sr/0045.gif?dl=1
0047.gif,https://www.dropbox.com/s/xmssoo30afoe8zt/0047.gif?dl=1
0046.gif,https://www.dropbox.com/s/pkurj3avu83iv5u/0046.gif?dl=1
0042.gif,https://www.dropbox.com/s/sjycp5t077qttgk/0042.gif?dl=1
0043.gif,https://www.dropbox.com/s/qfxm92orn40ltjw/0043.gif?dl=1
0041.gif,https://www.dropbox.com/s/04vquosimv7hoim/0041.gif?dl=1
0040.gif,https://www.dropbox.com/s/7cdhruhat7yctb5/0040.gif?dl=1
0048.gif,https://www.dropbox.com/s/gazputi6lwrhdh0/0048.gif?dl=1
0049.gif,https://www.dropbox.com/s/6suy1ul6opmk8cb/0049.gif?dl=1
0012.gif,https://www.dropbox.com/s/enx1t6qrphw1dk1/0012.gif?dl=1
0006.gif,https://www.dropbox.com/s/eox7hfnsskpjs5c/0006.gif?dl=1
0007.gif,https://www.dropbox.com/s/rlb10fi1jzmrmoe/0007.gif?dl=1
0013.gif,https://www.dropbox.com/s/omyn5ur7vj9yzyp/0013.gif?dl=1
0005.gif,https://www.dropbox.com/s/gq20r2gynnya1w2/0005.gif?dl=1
0011.gif,https://www.dropbox.com/s/up7vxj4eaoz2hz4/0011.gif?dl=1
0039.gif,https://www.dropbox.com/s/q8ppn10kofnpmw8/0039.gif?dl=1
0038.gif,https://www.dropbox.com/s/nh6aqxdh03c1bcx/0038.gif?dl=1
0010.gif,https://www.dropbox.com/s/aypw4sojoe4wnp0/0010.gif?dl=1
0004.gif,https://www.dropbox.com/s/nh84bozsr2lzi7q/0004.gif?dl=1
0028.gif,https://www.dropbox.com/s/hjl4yq7oku6d0bh/0028.gif?dl=1
0014.gif,https://www.dropbox.com/s/mm7gyjjrdkdpoi6/0014.gif?dl=1
0015.gif,https://www.dropbox.com/s/nx03ni0stm8odk7/0015.gif?dl=1
0001.gif,https://www.dropbox.com/s/qeyw91q6f740xhq/0001.gif?dl=1
0029.gif,https://www.dropbox.com/s/3kd6mg36wo4pi46/0029.gif?dl=1
0017.gif,https://www.dropbox.com/s/4vryb3ss55gld3b/0017.gif?dl=1
0003.gif,https://www.dropbox.com/s/yfy41cwlw7bnfiz/0003.gif?dl=1
0002.gif,https://www.dropbox.com/s/1yohxq9mwb0a69t/0002.gif?dl=1
0016.gif,https://www.dropbox.com/s/ffgm70q5urqwdla/0016.gif?dl=1
