0033.gif,https://www.dropbox.com/s/1ujoph2kgtn8tyk/0033.gif?dl=1
0027.gif,https://www.dropbox.com/s/7lsn91upd2gwywl/0027.gif?dl=1
0147.gif,https://www.dropbox.com/s/6npcjtp7lix1e7e/0147.gif?dl=1
0153.gif,https://www.dropbox.com/s/x62dxoov7laao6j/0153.gif?dl=1
0184.gif,https://www.dropbox.com/s/19at6ocx2iwa6jw/0184.gif?dl=1
0190.gif,https://www.dropbox.com/s/ye2fvxqbnjhji9q/0190.gif?dl=1
0191.gif,https://www.dropbox.com/s/8w1oem0jl90pjmp/0191.gif?dl=1
0185.gif,https://www.dropbox.com/s/ccxp4brh3orexu7/0185.gif?dl=1
0152.gif,https://www.dropbox.com/s/zbxquo9a4o8awd0/0152.gif?dl=1
0146.gif,https://www.dropbox.com/s/wbopuw7t4ppdmxq/0146.gif?dl=1
0026.gif,https://www.dropbox.com/s/2ulou9jaziih123/0026.gif?dl=1
0032.gif,https://www.dropbox.com/s/lrqwt7ils0ly3wy/0032.gif?dl=1
0024.gif,https://www.dropbox.com/s/tqwt556axmsobkk/0024.gif?dl=1
0030.gif,https://www.dropbox.com/s/gxkco8amd1ty7ww/0030.gif?dl=1
0018.gif,https://www.dropbox.com/s/att8hn2a61jd2rn/0018.gif?dl=1
0150.gif,https://www.dropbox.com/s/pt57lah4giep7so/0150.gif?dl=1
0144.gif,https://www.dropbox.com/s/009owb0v2cj21gs/0144.gif?dl=1
0178.gif,https://www.dropbox.com/s/a5higoe1iu8dml2/0178.gif?dl=1
0193.gif,https://www.dropbox.com/s/8fnw9qp8vbjzz1m/0193.gif?dl=1
0187.gif,https://www.dropbox.com/s/h2wx17jh1y7zezf/0187.gif?dl=1
0186.gif,https://www.dropbox.com/s/0qu9x8yip529m9q/0186.gif?dl=1
0192.gif,https://www.dropbox.com/s/nkkw9lmrdeypkmf/0192.gif?dl=1
0179.gif,https://www.dropbox.com/s/ah98kjil9o5o91i/0179.gif?dl=1
0145.gif,https://www.dropbox.com/s/nfejqi7zx4cyiuj/0145.gif?dl=1
0151.gif,https://www.dropbox.com/s/hmed8us3ijeqpge/0151.gif?dl=1
0019.gif,https://www.dropbox.com/s/ft8q79wqt1afbfo/0019.gif?dl=1
0031.gif,https://www.dropbox.com/s/kxzquon2hz6un75/0031.gif?dl=1
0025.gif,https://www.dropbox.com/s/n2p3lsvsljx3wno/0025.gif?dl=1
0009.gif,https://www.dropbox.com/s/5z7e9e2zb1k1ou7/0009.gif?dl=1
0021.gif,https://www.dropbox.com/s/t3ijh67dy2eudpf/0021.gif?dl=1
0035.gif,https://www.dropbox.com/s/zztxkt2p7nhzm79/0035.gif?dl=1
0169.gif,https://www.dropbox.com/s/j7voc5g3qoyl2t4/0169.gif?dl=1
0155.gif,https://www.dropbox.com/s/zllpitcpbtg6yen/0155.gif?dl=1
0141.gif,https://www.dropbox.com/s/82katfqtlggp0dy/0141.gif?dl=1
0196.gif,https://www.dropbox.com/s/a6nisrh1t33rvui/0196.gif?dl=1
0182.gif,https://www.dropbox.com/s/t25qlzxvp96acyf/0182.gif?dl=1
0183.gif,https://www.dropbox.com/s/3cdhsiqva6hjhej/0183.gif?dl=1
0197.gif,https://www.dropbox.com/s/3e05xasq6ixyi1j/0197.gif?dl=1
0140.gif,https://www.dropbox.com/s/ghoplnccstldcvx/0140.gif?dl=1
0154.gif,https://www.dropbox.com/s/9exlx3p5lbaiuvs/0154.gif?dl=1
0168.gif,https://www.dropbox.com/s/iddcw14l9pfpjx5/0168.gif?dl=1
0034.gif,https://www.dropbox.com/s/ehvtjgqtl5ukhu2/0034.gif?dl=1
0020.gif,https://www.dropbox.com/s/83yqhpdkgvsjepx/0020.gif?dl=1
0008.gif,https://www.dropbox.com/s/ofm702b3j4xzb0d/0008.gif?dl=1
0036.gif,https://www.dropbox.com/s/lhq04lghb6fy0aw/0036.gif?dl=1
0022.gif,https://www.dropbox.com/s/7e4gmv0lzvunbph/0022.gif?dl=1
0142.gif,https://www.dropbox.com/s/03b68yd9spc6soh/0142.gif?dl=1
0156.gif,https://www.dropbox.com/s/ga2dci2cxl7fip8/0156.gif?dl=1
0181.gif,https://www.dropbox.com/s/uqazc2wlihn6w97/0181.gif?dl=1
0195.gif,https://www.dropbox.com/s/uo59wulp6tw8y63/0195.gif?dl=1
0194.gif,https://www.dropbox.com/s/t8hekgma4hwffrs/0194.gif?dl=1
0180.gif,https://www.dropbox.com/s/z32dtwktq4oto3e/0180.gif?dl=1
0157.gif,https://www.dropbox.com/s/3cuk2wry1irr92t/0157.gif?dl=1
0143.gif,https://www.dropbox.com/s/ieaqylexv8f0475/0143.gif?dl=1
0023.gif,https://www.dropbox.com/s/s865lqlvtfjb071/0023.gif?dl=1
0037.gif,https://www.dropbox.com/s/xlvjud83m35xg3w/0037.gif?dl=1
0050.gif,https://www.dropbox.com/s/d7dvlg886szmc0c/0050.gif?dl=1
0044.gif,https://www.dropbox.com/s/skr6t2hyidmqqv7/0044.gif?dl=1
0078.gif,https://www.dropbox.com/s/6sv5z26uile45bj/0078.gif?dl=1
0093.gif,https://www.dropbox.com/s/y7tcc6mm706au46/0093.gif?dl=1
0087.gif,https://www.dropbox.com/s/eyyi3mnwtn3fdel/0087.gif?dl=1
0124.gif,https://www.dropbox.com/s/emrjtb52sj0i7d0/0124.gif?dl=1
0130.gif,https://www.dropbox.com/s/dk6fenfyynrbat2/0130.gif?dl=1
0118.gif,https://www.dropbox.com/s/zt5linfv1eyef5q/0118.gif?dl=1
0119.gif,https://www.dropbox.com/s/7qgg7gpvmd5popb/0119.gif?dl=1
0131.gif,https://www.dropbox.com/s/ro1p8qi3mfkmjih/0131.gif?dl=1
0125.gif,https://www.dropbox.com/s/ilngrgpn7v1m013/0125.gif?dl=1
0086.gif,https://www.dropbox.com/s/n9lg382bsfzlh71/0086.gif?dl=1
0092.gif,https://www.dropbox.com/s/dyw7bga5yojmvqy/0092.gif?dl=1
0079.gif,https://www.dropbox.com/s/aq8ya5ndk813ren/0079.gif?dl=1
0045.gif,https://www.dropbox.com/s/h386d40yue9gk69/0045.gif?dl=1
0051.gif,https://www.dropbox.com/s/046s6s42w5b39hx/0051.gif?dl=1
0047.gif,https://www.dropbox.com/s/13yezcuwywo6wso/0047.gif?dl=1
0053.gif,https://www.dropbox.com/s/gnct7mdg1fg9ntq/0053.gif?dl=1
0084.gif,https://www.dropbox.com/s/evsruu3w5j8xwt1/0084.gif?dl=1
0090.gif,https://www.dropbox.com/s/wrg9j5oj3xs51yy/0090.gif?dl=1
0133.gif,https://www.dropbox.com/s/yzrjs1dt3ze4hx7/0133.gif?dl=1
0127.gif,https://www.dropbox.com/s/52iwqpxfig2848p/0127.gif?dl=1
0126.gif,https://www.dropbox.com/s/83i18j3s3cs2tm3/0126.gif?dl=1
0132.gif,https://www.dropbox.com/s/pcvg3bt2fofx1fo/0132.gif?dl=1
0091.gif,https://www.dropbox.com/s/xzfcn7tqlcm0elg/0091.gif?dl=1
0085.gif,https://www.dropbox.com/s/7lelc589r9d0kk5/0085.gif?dl=1
0052.gif,https://www.dropbox.com/s/fx48sufd2qrimv0/0052.gif?dl=1
0046.gif,https://www.dropbox.com/s/nixaqd6qiu6w5d9/0046.gif?dl=1
0042.gif,https://www.dropbox.com/s/u0kcu7sa3ttct1r/0042.gif?dl=1
0056.gif,https://www.dropbox.com/s/84dhmbq4njgezky/0056.gif?dl=1
0081.gif,https://www.dropbox.com/s/64wculiphr2udmv/0081.gif?dl=1
0095.gif,https://www.dropbox.com/s/zu9ovofgeowaxcm/0095.gif?dl=1
0136.gif,https://www.dropbox.com/s/zug2ed56py6ob45/0136.gif?dl=1
0122.gif,https://www.dropbox.com/s/6toqwoq5lbewo45/0122.gif?dl=1
0123.gif,https://www.dropbox.com/s/4yt90p4e60l0py1/0123.gif?dl=1
0137.gif,https://www.dropbox.com/s/q7jl230y2kqzbiy/0137.gif?dl=1
0094.gif,https://www.dropbox.com/s/hpfs0asg38kjosh/0094.gif?dl=1
0080.gif,https://www.dropbox.com/s/r40xpaomgbmeldh/0080.gif?dl=1
0057.gif,https://www.dropbox.com/s/dt8ifb2ug1o62gf/0057.gif?dl=1
0043.gif,https://www.dropbox.com/s/2u8ytqjs2smnvsj/0043.gif?dl=1
0069.gif,https://www.dropbox.com/s/8q5m0z820cmh83u/0069.gif?dl=1
0055.gif,https://www.dropbox.com/s/8ydgb27zyob8w21/0055.gif?dl=1
0041.gif,https://www.dropbox.com/s/9ag4er5ohb1g7gk/0041.gif?dl=1
0096.gif,https://www.dropbox.com/s/d6bag6b7oekwyh2/0096.gif?dl=1
0082.gif,https://www.dropbox.com/s/27zu38hxo6y16ro/0082.gif?dl=1
0109.gif,https://www.dropbox.com/s/wxeaimnzhi5hmgo/0109.gif?dl=1
0121.gif,https://www.dropbox.com/s/83hhb7gt1qsnk1e/0121.gif?dl=1
0135.gif,https://www.dropbox.com/s/yvufyrwzcayhf67/0135.gif?dl=1
0134.gif,https://www.dropbox.com/s/oosavdyiu8vgfck/0134.gif?dl=1
0120.gif,https://www.dropbox.com/s/qf00xma7oygtzov/0120.gif?dl=1
0108.gif,https://www.dropbox.com/s/7qgwrmh1hz5na0s/0108.gif?dl=1
0083.gif,https://www.dropbox.com/s/bli5r7x4vlnnyfp/0083.gif?dl=1
0097.gif,https://www.dropbox.com/s/d8nkt2wrhhr0mav/0097.gif?dl=1
0040.gif,https://www.dropbox.com/s/ncrrp33xgu4evbq/0040.gif?dl=1
0054.gif,https://www.dropbox.com/s/m3ug7eqs1ine13e/0054.gif?dl=1
0068.gif,https://www.dropbox.com/s/pj0y7dsfctcgj4k/0068.gif?dl=1
0071.gif,https://www.dropbox.com/s/h13ckkpssx5hnq1/0071.gif?dl=1
0065.gif,https://www.dropbox.com/s/ftivyjowv1d7gs1/0065.gif?dl=1
0059.gif,https://www.dropbox.com/s/e37i4qo89ylaqfo/0059.gif?dl=1
0105.gif,https://www.dropbox.com/s/6injgxgs6eygaog/0105.gif?dl=1
0111.gif,https://www.dropbox.com/s/w60hahgm0qsfv4m/0111.gif?dl=1
0139.gif,https://www.dropbox.com/s/esro1jw99oe6rjh/0139.gif?dl=1
0138.gif,https://www.dropbox.com/s/j27mb7jpu6rgnos/0138.gif?dl=1
0110.gif,https://www.dropbox.com/s/cdj1aema4n8gozv/0110.gif?dl=1
0104.gif,https://www.dropbox.com/s/jk1txbztzr457kz/0104.gif?dl=1
0058.gif,https://www.dropbox.com/s/m4ceg8mib79h0kr/0058.gif?dl=1
0064.gif,https://www.dropbox.com/s/haoykyv712s9tdg/0064.gif?dl=1
0070.gif,https://www.dropbox.com/s/pp7qgvdfwayn49i/0070.gif?dl=1
0066.gif,https://www.dropbox.com/s/l9dq0gw2ph7brs7/0066.gif?dl=1
0072.gif,https://www.dropbox.com/s/wwmtaufamw1mj7f/0072.gif?dl=1
0099.gif,https://www.dropbox.com/s/j8m5qofq30dhk1j/0099.gif?dl=1
0112.gif,https://www.dropbox.com/s/yyyunczii301tag/0112.gif?dl=1
0106.gif,https://www.dropbox.com/s/htwnqzlrw248e5i/0106.gif?dl=1
0107.gif,https://www.dropbox.com/s/kdoq3uu6h2vk0xt/0107.gif?dl=1
0113.gif,https://www.dropbox.com/s/vcfuvv9xb6q8ihu/0113.gif?dl=1
0098.gif,https://www.dropbox.com/s/54nqwi2uu8xir9o/0098.gif?dl=1
0073.gif,https://www.dropbox.com/s/g3vt03sq3yjslbj/0073.gif?dl=1
0067.gif,https://www.dropbox.com/s/lnxyeopr6ia1mik/0067.gif?dl=1
0063.gif,https://www.dropbox.com/s/ykd8985lupkuv75/0063.gif?dl=1
0077.gif,https://www.dropbox.com/s/mownsqcm8bytatl/0077.gif?dl=1
0088.gif,https://www.dropbox.com/s/o9kp5xm2piqdvex/0088.gif?dl=1
0117.gif,https://www.dropbox.com/s/3omsrg8q9acdk6i/0117.gif?dl=1
0103.gif,https://www.dropbox.com/s/l1fts9c5dkrpreb/0103.gif?dl=1
0102.gif,https://www.dropbox.com/s/b9fzrw5rn8camim/0102.gif?dl=1
0116.gif,https://www.dropbox.com/s/qp0ohd9ciwxopyb/0116.gif?dl=1
0089.gif,https://www.dropbox.com/s/ow3sqkcs3tb3vj1/0089.gif?dl=1
0076.gif,https://www.dropbox.com/s/q2eabtm5wuoavig/0076.gif?dl=1
0062.gif,https://www.dropbox.com/s/gu3q2pkqbqj0tn9/0062.gif?dl=1
0048.gif,https://www.dropbox.com/s/dqy5v814ls8qdsz/0048.gif?dl=1
0074.gif,https://www.dropbox.com/s/tuue3hczid7adni/0074.gif?dl=1
0060.gif,https://www.dropbox.com/s/zhpqen3j2a4v7x2/0060.gif?dl=1
0128.gif,https://www.dropbox.com/s/tgwv5gqt68a0xv0/0128.gif?dl=1
0100.gif,https://www.dropbox.com/s/pcz3wk2cislav1p/0100.gif?dl=1
0114.gif,https://www.dropbox.com/s/y0cnbdm1i3mf8z0/0114.gif?dl=1
0115.gif,https://www.dropbox.com/s/eid3zyj9ezx9p56/0115.gif?dl=1
0101.gif,https://www.dropbox.com/s/rgis3eye38bre43/0101.gif?dl=1
0129.gif,https://www.dropbox.com/s/6j4lyviqm8xxq40/0129.gif?dl=1
0061.gif,https://www.dropbox.com/s/scxt0og5vxyixkl/0061.gif?dl=1
0075.gif,https://www.dropbox.com/s/t0nwse16lvz2f3e/0075.gif?dl=1
0049.gif,https://www.dropbox.com/s/b2yi7v016vajkvu/0049.gif?dl=1
0012.gif,https://www.dropbox.com/s/2byv48jdq1bxwae/0012.gif?dl=1
0006.gif,https://www.dropbox.com/s/a2ihhwv7wz0pkf1/0006.gif?dl=1
0166.gif,https://www.dropbox.com/s/9jo59xbcdcakdce/0166.gif?dl=1
0172.gif,https://www.dropbox.com/s/q58un8a1c8f2maj/0172.gif?dl=1
0199.gif,https://www.dropbox.com/s/tidwqvno0g94uvm/0199.gif?dl=1
0198.gif,https://www.dropbox.com/s/niflrb9s0falrmg/0198.gif?dl=1
0173.gif,https://www.dropbox.com/s/ejei49dp82hu6j5/0173.gif?dl=1
0167.gif,https://www.dropbox.com/s/f1tj125xplftgcm/0167.gif?dl=1
0007.gif,https://www.dropbox.com/s/ppu89gy4ny75wqx/0007.gif?dl=1
0013.gif,https://www.dropbox.com/s/wx8w2mva0zt2frn/0013.gif?dl=1
0005.gif,https://www.dropbox.com/s/x04l2wq979rdfza/0005.gif?dl=1
0011.gif,https://www.dropbox.com/s/2gi31rag323rl8w/0011.gif?dl=1
0039.gif,https://www.dropbox.com/s/xnq6kt6vooeidcl/0039.gif?dl=1
0171.gif,https://www.dropbox.com/s/9rb98yepehnf7pa/0171.gif?dl=1
0165.gif,https://www.dropbox.com/s/vdhmxyvg88t80ue/0165.gif?dl=1
0159.gif,https://www.dropbox.com/s/rz52mzohi14zd3w/0159.gif?dl=1
0158.gif,https://www.dropbox.com/s/9xi9f5hdnhhlg75/0158.gif?dl=1
0164.gif,https://www.dropbox.com/s/iegpkynexgglsbx/0164.gif?dl=1
0170.gif,https://www.dropbox.com/s/uzcsqj3f5z0lygo/0170.gif?dl=1
0038.gif,https://www.dropbox.com/s/due0prjm23bhw2j/0038.gif?dl=1
0010.gif,https://www.dropbox.com/s/nwneikkc3r8sxmn/0010.gif?dl=1
0004.gif,https://www.dropbox.com/s/38hvz04c84ma07l/0004.gif?dl=1
0028.gif,https://www.dropbox.com/s/p2lcmjzjz8miufo/0028.gif?dl=1
0014.gif,https://www.dropbox.com/s/ainvn2tilv6m384/0014.gif?dl=1
0148.gif,https://www.dropbox.com/s/hecocj7v8s9fw0b/0148.gif?dl=1
0174.gif,https://www.dropbox.com/s/bd6ej0gi20i976y/0174.gif?dl=1
0160.gif,https://www.dropbox.com/s/t2wgsx1gxt3fvmk/0160.gif?dl=1
0161.gif,https://www.dropbox.com/s/xp6jwllgvo042ru/0161.gif?dl=1
0175.gif,https://www.dropbox.com/s/f9itw26r445pjyu/0175.gif?dl=1
0149.gif,https://www.dropbox.com/s/xiiq4iw0d0nfn9r/0149.gif?dl=1
0015.gif,https://www.dropbox.com/s/fv0h1byemc3fnb8/0015.gif?dl=1
0001.gif,https://www.dropbox.com/s/2s48ukfehquv9vk/0001.gif?dl=1
0029.gif,https://www.dropbox.com/s/ju9b9e6h410rakx/0029.gif?dl=1
0017.gif,https://www.dropbox.com/s/59vzqfmsuv1xjwi/0017.gif?dl=1
0003.gif,https://www.dropbox.com/s/ri18bww91dv8mhd/0003.gif?dl=1
0163.gif,https://www.dropbox.com/s/wnb0usl8p8ldo31/0163.gif?dl=1
0177.gif,https://www.dropbox.com/s/0va5wbq1xifoxx3/0177.gif?dl=1
0188.gif,https://www.dropbox.com/s/qgahrwt39qjvolk/0188.gif?dl=1
0189.gif,https://www.dropbox.com/s/vwzhtimzd7qor4d/0189.gif?dl=1
0176.gif,https://www.dropbox.com/s/x5h0wwjxp68raxp/0176.gif?dl=1
0162.gif,https://www.dropbox.com/s/dwjgmiiqo9c7tro/0162.gif?dl=1
0002.gif,https://www.dropbox.com/s/najpwm6mleakh8q/0002.gif?dl=1
0016.gif,https://www.dropbox.com/s/l4a1y4s34jklgc9/0016.gif?dl=1
0200.gif,https://www.dropbox.com/s/uta75yaz8v7zyei/0200.gif?dl=1
