0033.gif,https://www.dropbox.com/s/uoekrra4qbu1o4p/0033.gif?dl=1
0027.gif,https://www.dropbox.com/s/nu9vjrw63h2m8ps/0027.gif?dl=1
0026.gif,https://www.dropbox.com/s/cwrhffg9rcw51j5/0026.gif?dl=1
0032.gif,https://www.dropbox.com/s/6pmudr28jp38nuo/0032.gif?dl=1
0024.gif,https://www.dropbox.com/s/8rrl6ib0mr1rh1w/0024.gif?dl=1
0030.gif,https://www.dropbox.com/s/8zldyl42b213ow3/0030.gif?dl=1
0018.gif,https://www.dropbox.com/s/8ayeagtr65u2mhh/0018.gif?dl=1
0019.gif,https://www.dropbox.com/s/mifak9zx92n6upw/0019.gif?dl=1
0031.gif,https://www.dropbox.com/s/cfpvbz8xnnknr3c/0031.gif?dl=1
0025.gif,https://www.dropbox.com/s/l9fdyafi0w2ug0w/0025.gif?dl=1
0009.gif,https://www.dropbox.com/s/4b6nv9otq6fqgz4/0009.gif?dl=1
0021.gif,https://www.dropbox.com/s/1hytrfztgx3sj21/0021.gif?dl=1
0035.gif,https://www.dropbox.com/s/6dipdgsltwnuq1y/0035.gif?dl=1
0034.gif,https://www.dropbox.com/s/gdyczb5nl0qv5uq/0034.gif?dl=1
0020.gif,https://www.dropbox.com/s/kqybcvlfezz900n/0020.gif?dl=1
0008.gif,https://www.dropbox.com/s/c6xsfzzz9nxcelo/0008.gif?dl=1
0036.gif,https://www.dropbox.com/s/mubymzwxdi3rs4u/0036.gif?dl=1
0022.gif,https://www.dropbox.com/s/ni106bppzmvw3z0/0022.gif?dl=1
0023.gif,https://www.dropbox.com/s/trjn4f4ofl6uhts/0023.gif?dl=1
0037.gif,https://www.dropbox.com/s/uyl89p47nvli9pu/0037.gif?dl=1
0050.gif,https://www.dropbox.com/s/oq44e27xj6gj0g4/0050.gif?dl=1
0044.gif,https://www.dropbox.com/s/2etff7q7iool9j6/0044.gif?dl=1
0078.gif,https://www.dropbox.com/s/73jlaah1wu1pz6t/0078.gif?dl=1
0093.gif,https://www.dropbox.com/s/goach1hn26m8ymi/0093.gif?dl=1
0087.gif,https://www.dropbox.com/s/w136j4nn34xzcyj/0087.gif?dl=1
0118.gif,https://www.dropbox.com/s/ncngz3mwpwio9x4/0118.gif?dl=1
0119.gif,https://www.dropbox.com/s/4hq9j8p44qe1yxl/0119.gif?dl=1
0086.gif,https://www.dropbox.com/s/guo8di0rmjh9ei2/0086.gif?dl=1
0092.gif,https://www.dropbox.com/s/swbxglh6ev99tes/0092.gif?dl=1
0079.gif,https://www.dropbox.com/s/30b2ly7hk5mdc78/0079.gif?dl=1
0045.gif,https://www.dropbox.com/s/s6lghckezw9zu27/0045.gif?dl=1
0051.gif,https://www.dropbox.com/s/7mgglfwgq1p2gpl/0051.gif?dl=1
0047.gif,https://www.dropbox.com/s/fc9brbqyle9dpro/0047.gif?dl=1
0053.gif,https://www.dropbox.com/s/nvzjxq277m13yzc/0053.gif?dl=1
0084.gif,https://www.dropbox.com/s/j1x7ahu71j4bick/0084.gif?dl=1
0090.gif,https://www.dropbox.com/s/yr1dgm7464wqu2u/0090.gif?dl=1
0091.gif,https://www.dropbox.com/s/p54okmtnwt4sqcn/0091.gif?dl=1
0085.gif,https://www.dropbox.com/s/m968naimazse1r2/0085.gif?dl=1
0052.gif,https://www.dropbox.com/s/us6wvscgosptw8x/0052.gif?dl=1
0046.gif,https://www.dropbox.com/s/x1ehye1b8bos1qd/0046.gif?dl=1
0042.gif,https://www.dropbox.com/s/vet8a8lium2a62j/0042.gif?dl=1
0056.gif,https://www.dropbox.com/s/8ozeoz2n4hoknv7/0056.gif?dl=1
0081.gif,https://www.dropbox.com/s/wfd5m3z8j6y1jxg/0081.gif?dl=1
0095.gif,https://www.dropbox.com/s/cfce83bg7axzh93/0095.gif?dl=1
0122.gif,https://www.dropbox.com/s/5jrc9jv2sxqh2a8/0122.gif?dl=1
0094.gif,https://www.dropbox.com/s/0s0dic7gln7g49i/0094.gif?dl=1
0080.gif,https://www.dropbox.com/s/35zn6ngc3bzakd3/0080.gif?dl=1
0057.gif,https://www.dropbox.com/s/v2pxtllo2sq2whl/0057.gif?dl=1
0043.gif,https://www.dropbox.com/s/g3zidld97dcb839/0043.gif?dl=1
0069.gif,https://www.dropbox.com/s/bs5dmvge1b7qj9j/0069.gif?dl=1
0055.gif,https://www.dropbox.com/s/rjkg84mcyqffq2g/0055.gif?dl=1
0041.gif,https://www.dropbox.com/s/prcnvt6f0ti0sn6/0041.gif?dl=1
0096.gif,https://www.dropbox.com/s/dkcrxdgulhjjyxy/0096.gif?dl=1
0082.gif,https://www.dropbox.com/s/3938hb7ctsvv6ap/0082.gif?dl=1
0109.gif,https://www.dropbox.com/s/4h9zcwslfxzz252/0109.gif?dl=1
0121.gif,https://www.dropbox.com/s/od1dbu2izirp90m/0121.gif?dl=1
0120.gif,https://www.dropbox.com/s/lfjctmg4bjbvu83/0120.gif?dl=1
0108.gif,https://www.dropbox.com/s/5xo6ektivwdetp2/0108.gif?dl=1
0083.gif,https://www.dropbox.com/s/6fgcjdun8tyr751/0083.gif?dl=1
0097.gif,https://www.dropbox.com/s/l2lm59fveclgs3m/0097.gif?dl=1
0040.gif,https://www.dropbox.com/s/f8p5ixcym5b26g3/0040.gif?dl=1
0054.gif,https://www.dropbox.com/s/n5avd86b35eebr7/0054.gif?dl=1
0068.gif,https://www.dropbox.com/s/p67xtrcqexmzva8/0068.gif?dl=1
0071.gif,https://www.dropbox.com/s/pezpn9cwkll1g4e/0071.gif?dl=1
0065.gif,https://www.dropbox.com/s/vx85rx8ent8mz5p/0065.gif?dl=1
0059.gif,https://www.dropbox.com/s/z36gpn575rdg4fx/0059.gif?dl=1
0105.gif,https://www.dropbox.com/s/tawfav9tue7svbs/0105.gif?dl=1
0111.gif,https://www.dropbox.com/s/2ovte8ozy57znn6/0111.gif?dl=1
0110.gif,https://www.dropbox.com/s/2pxue9vxevycick/0110.gif?dl=1
0104.gif,https://www.dropbox.com/s/18gre4900b0yhxu/0104.gif?dl=1
0058.gif,https://www.dropbox.com/s/tafpaewd35r7afv/0058.gif?dl=1
0064.gif,https://www.dropbox.com/s/d574hyvws5fufoq/0064.gif?dl=1
0070.gif,https://www.dropbox.com/s/15vcltdjd34abng/0070.gif?dl=1
0066.gif,https://www.dropbox.com/s/kev7bd3tuiuiv72/0066.gif?dl=1
0072.gif,https://www.dropbox.com/s/dabpdyd1mv647p7/0072.gif?dl=1
0099.gif,https://www.dropbox.com/s/u4yose2q040c7df/0099.gif?dl=1
0112.gif,https://www.dropbox.com/s/hmt9xqkmeo3ds53/0112.gif?dl=1
0106.gif,https://www.dropbox.com/s/7eh8lwzyvrltohh/0106.gif?dl=1
0107.gif,https://www.dropbox.com/s/2dajkenu3ffh2p8/0107.gif?dl=1
0113.gif,https://www.dropbox.com/s/z53k4wjaybuxoby/0113.gif?dl=1
0098.gif,https://www.dropbox.com/s/7658h6up1o1cw2n/0098.gif?dl=1
0073.gif,https://www.dropbox.com/s/9h8xgglm8gk2qys/0073.gif?dl=1
0067.gif,https://www.dropbox.com/s/5ndx5d0x7t5wgl9/0067.gif?dl=1
0063.gif,https://www.dropbox.com/s/dkj78thjidwxaaf/0063.gif?dl=1
0077.gif,https://www.dropbox.com/s/y78lk5knl5fgct4/0077.gif?dl=1
0088.gif,https://www.dropbox.com/s/cvo3wvc8q6h4tff/0088.gif?dl=1
0117.gif,https://www.dropbox.com/s/4uoigyxutsvqtcq/0117.gif?dl=1
0103.gif,https://www.dropbox.com/s/2h4jj3txy5agt37/0103.gif?dl=1
0102.gif,https://www.dropbox.com/s/q3wrpu6ohhxgbb3/0102.gif?dl=1
0116.gif,https://www.dropbox.com/s/vn1wjp31kc7udww/0116.gif?dl=1
0089.gif,https://www.dropbox.com/s/ohwdb6clfo2455x/0089.gif?dl=1
0076.gif,https://www.dropbox.com/s/5zq1r29ukv6a6gw/0076.gif?dl=1
0062.gif,https://www.dropbox.com/s/qg1gsgq5dxxyspf/0062.gif?dl=1
0048.gif,https://www.dropbox.com/s/q3ipaduj0d4job0/0048.gif?dl=1
0074.gif,https://www.dropbox.com/s/rtj2hcg2n2ajjsq/0074.gif?dl=1
0060.gif,https://www.dropbox.com/s/y4nat6exbge1oh2/0060.gif?dl=1
0100.gif,https://www.dropbox.com/s/clsnty1afr4hxrv/0100.gif?dl=1
0114.gif,https://www.dropbox.com/s/az7wwhxl2dvh44p/0114.gif?dl=1
0115.gif,https://www.dropbox.com/s/zzb0tfq3d9lzuab/0115.gif?dl=1
0101.gif,https://www.dropbox.com/s/xwhfphubexpyx24/0101.gif?dl=1
0061.gif,https://www.dropbox.com/s/38mcm5c0grf8ukf/0061.gif?dl=1
0075.gif,https://www.dropbox.com/s/8pdip2y5x7bub2a/0075.gif?dl=1
0049.gif,https://www.dropbox.com/s/j9f88cjeplrom3n/0049.gif?dl=1
0012.gif,https://www.dropbox.com/s/3vce57cny6qz9hn/0012.gif?dl=1
0006.gif,https://www.dropbox.com/s/dvk4y7gwufwrn5n/0006.gif?dl=1
0007.gif,https://www.dropbox.com/s/xpd7t4dlu3js5h1/0007.gif?dl=1
0013.gif,https://www.dropbox.com/s/wcoavuxns7mt9at/0013.gif?dl=1
0005.gif,https://www.dropbox.com/s/x6egw3eyr1tyoqj/0005.gif?dl=1
0011.gif,https://www.dropbox.com/s/b2jivlnpnhavu6z/0011.gif?dl=1
0039.gif,https://www.dropbox.com/s/kqzzhatpgucnspz/0039.gif?dl=1
0038.gif,https://www.dropbox.com/s/mmvsxjrazqq1plk/0038.gif?dl=1
0010.gif,https://www.dropbox.com/s/uk827pcb8a0lf99/0010.gif?dl=1
0004.gif,https://www.dropbox.com/s/e06vn0kcuba7nd8/0004.gif?dl=1
0028.gif,https://www.dropbox.com/s/zw37oe6d77kc5ea/0028.gif?dl=1
0014.gif,https://www.dropbox.com/s/m49kgcsb1pm7grl/0014.gif?dl=1
0015.gif,https://www.dropbox.com/s/542b2cm8o78lfvx/0015.gif?dl=1
0001.gif,https://www.dropbox.com/s/hzdixvfnpaiahky/0001.gif?dl=1
0029.gif,https://www.dropbox.com/s/1o30hvpsyum5nty/0029.gif?dl=1
0017.gif,https://www.dropbox.com/s/3c7kumd7mq7o1mc/0017.gif?dl=1
0003.gif,https://www.dropbox.com/s/uqbl9lcm0n0iybq/0003.gif?dl=1
0002.gif,https://www.dropbox.com/s/iug3s85thv3sbln/0002.gif?dl=1
0016.gif,https://www.dropbox.com/s/4wi4602096v0ikw/0016.gif?dl=1
