accessors_indexes_test_39.gif,https://www.dropbox.com/s/eizhtcm2t74weap/accessors_indexes_test_39.gif?dl=1
4byte_29.gif,https://www.dropbox.com/s/p6j2fb0k2nsqx0r/4byte_29.gif?dl=1
localnode_test_28.gif,https://www.dropbox.com/s/7jku5l6ieg8h39l/localnode_test_28.gif?dl=1
peer_1194.gif,https://www.dropbox.com/s/7ww8dyfumg7cvd0/peer_1194.gif?dl=1
node_97.gif,https://www.dropbox.com/s/zgew2saaivjkvcv/node_97.gif?dl=1
handler_229.gif,https://www.dropbox.com/s/jtdqhb3cxk6det9/handler_229.gif?dl=1
peer_1143.gif,https://www.dropbox.com/s/wk9f6y3gbz5dz9r/peer_1143.gif?dl=1
sample_226.gif,https://www.dropbox.com/s/0kpsw620wsjjxee/sample_226.gif?dl=1
inproc_test_101.gif,https://www.dropbox.com/s/b2j1u843q5nt092/inproc_test_101.gif?dl=1
completion_27.gif,https://www.dropbox.com/s/x6voo0o6nqglpeg/completion_27.gif?dl=1
fp6_32.gif,https://www.dropbox.com/s/e4qwpn30edhnmf1/fp6_32.gif?dl=1
tx_pool_555.gif,https://www.dropbox.com/s/k8fcyuku6fbn06k/tx_pool_555.gif?dl=1
gethclient_test_187.gif,https://www.dropbox.com/s/k6t3k1707ahwmxr/gethclient_test_187.gif?dl=1
graphql_571.gif,https://www.dropbox.com/s/4oqcj6x8ymuojwc/graphql_571.gif?dl=1
aes_gcm_storage_47.gif,https://www.dropbox.com/s/0xcd5l19h5ijxt4/aes_gcm_storage_47.gif?dl=1
handler_glog_150.gif,https://www.dropbox.com/s/a7a3rti1t7bw0s5/handler_glog_150.gif?dl=1
decode_test_871.gif,https://www.dropbox.com/s/wytsemo670sgaxn/decode_test_871.gif?dl=1
bitutil_19.gif,https://www.dropbox.com/s/zph6m775cucooz1/bitutil_19.gif?dl=1
v5_udp_487.gif,https://www.dropbox.com/s/7t3x9as0swmp4co/v5_udp_487.gif?dl=1
fp_test_421.gif,https://www.dropbox.com/s/s9r9v44j9fan7gk/fp_test_421.gif?dl=1
sync_test_152.gif,https://www.dropbox.com/s/8cm9tgdh5gmzx06/sync_test_152.gif?dl=1
gethclient_test_45.gif,https://www.dropbox.com/s/kp7lpffkc4yow12/gethclient_test_45.gif?dl=1
jsre_test_79.gif,https://www.dropbox.com/s/j02htye5uhy47t3/jsre_test_79.gif?dl=1
encode_364.gif,https://www.dropbox.com/s/9bar3xyovimjagu/encode_364.gif?dl=1
transaction_test_265.gif,https://www.dropbox.com/s/2iiwjasbi7fmmxd/transaction_test_265.gif?dl=1
fp_63.gif,https://www.dropbox.com/s/2w1agejk7pamhqp/fp_63.gif?dl=1
hd_test_81.gif,https://www.dropbox.com/s/lbr936irhgz95be/hd_test_81.gif?dl=1
subscription_46.gif,https://www.dropbox.com/s/0ir6bpxgdowdrfk/subscription_46.gif?dl=1
blake2x_90.gif,https://www.dropbox.com/s/ienwepa536obtrn/blake2x_90.gif?dl=1
decode_619.gif,https://www.dropbox.com/s/7zudecivtm95sq8/decode_619.gif?dl=1
decode_180.gif,https://www.dropbox.com/s/yjly10a88cgqedt/decode_180.gif?dl=1
fp_test_623.gif,https://www.dropbox.com/s/3dn2tjlaiaxlna6/fp_test_623.gif?dl=1
les_test_67.gif,https://www.dropbox.com/s/nunzyl86kiifyto/les_test_67.gif?dl=1
decode_817.gif,https://www.dropbox.com/s/hy9lgutygf60ouz/decode_817.gif?dl=1
meter_149.gif,https://www.dropbox.com/s/4bzc7m0raqp8gaz/meter_149.gif?dl=1
keystore_test_38.gif,https://www.dropbox.com/s/puoev51cjt9r5bu/keystore_test_38.gif?dl=1
block_335.gif,https://www.dropbox.com/s/jsrse4qfdcsw8ua/block_335.gif?dl=1
messages-management_322.gif,https://www.dropbox.com/s/1o97hdbok0rut8p/messages-management_322.gif?dl=1
fourbyte_75.gif,https://www.dropbox.com/s/n0jg5a3yl4uxfrg/fourbyte_75.gif?dl=1
feed_test_240.gif,https://www.dropbox.com/s/1grt5vvtnatjepq/feed_test_240.gif?dl=1
gfp_generic_48.gif,https://www.dropbox.com/s/qg7io2dez3a6d4q/gfp_generic_48.gif?dl=1
testlog_98.gif,https://www.dropbox.com/s/to427x7y8v0mx24/testlog_98.gif?dl=1
update-license_119.gif,https://www.dropbox.com/s/actv6wsnu6n2q49/update-license_119.gif?dl=1
chain_indexer_147.gif,https://www.dropbox.com/s/3nztddaml6j5am1/chain_indexer_147.gif?dl=1
messages-management_875.gif,https://www.dropbox.com/s/mz9f2bczlglhg22/messages-management_875.gif?dl=1
proof_test_816.gif,https://www.dropbox.com/s/badclll9v0em8cp/proof_test_816.gif?dl=1
handler_189.gif,https://www.dropbox.com/s/61rb16inf5ggv9n/handler_189.gif?dl=1
blockchain_repair_test_205.gif,https://www.dropbox.com/s/3kmu4663447eq5r/blockchain_repair_test_205.gif?dl=1
lookup_183.gif,https://www.dropbox.com/s/bkqlkesjnr9zr3p/lookup_183.gif?dl=1
messages-management_726.gif,https://www.dropbox.com/s/4x62w8wcsd40a8n/messages-management_726.gif?dl=1
encode_test_530.gif,https://www.dropbox.com/s/tar9f30k3oyefkm/encode_test_530.gif?dl=1
gauge_test_7.gif,https://www.dropbox.com/s/j6k9wd9oi6giy9f/gauge_test_7.gif?dl=1
assets_377.gif,https://www.dropbox.com/s/ejz6qgzmew9ecwp/assets_377.gif?dl=1
lexer_225.gif,https://www.dropbox.com/s/3t8d3lgkq02mjo2/lexer_225.gif?dl=1
bitutil_test_14.gif,https://www.dropbox.com/s/br0zz31t66zk7tl/bitutil_test_14.gif?dl=1
gen_structlog_52.gif,https://www.dropbox.com/s/xra6pm4fvt3w0g6/gen_structlog_52.gif?dl=1
client_test_212.gif,https://www.dropbox.com/s/pgjwfm9dj2xizox/client_test_212.gif?dl=1
archive_187.gif,https://www.dropbox.com/s/2o8e7foiz32ewoa/archive_187.gif?dl=1
control_120.gif,https://www.dropbox.com/s/kb2j9oyz0dxdcol/control_120.gif?dl=1
expiredvalue_147.gif,https://www.dropbox.com/s/snvj6fgbdhtuuvv/expiredvalue_147.gif?dl=1
pairing_58.gif,https://www.dropbox.com/s/4pi23mj4b2oxt22/pairing_58.gif?dl=1
fp_test_9.gif,https://www.dropbox.com/s/uxs87doq91o8awe/fp_test_9.gif?dl=1
fp_test_783.gif,https://www.dropbox.com/s/gyzqfk6lovgq9l4/fp_test_783.gif?dl=1
instructions_test_455.gif,https://www.dropbox.com/s/7j2zub65bn70bdz/instructions_test_455.gif?dl=1
messages-management_283.gif,https://www.dropbox.com/s/sf7ym5w9t3dhido/messages-management_283.gif?dl=1
opentsdb_27.gif,https://www.dropbox.com/s/g04cdhbkszd33xi/opentsdb_27.gif?dl=1
ethclient_test_276.gif,https://www.dropbox.com/s/8xgwjc12o8w2iro/ethclient_test_276.gif?dl=1
resetting_timer_172.gif,https://www.dropbox.com/s/4sx1stg7mqxynxc/resetting_timer_172.gif?dl=1
blockchain_repair_test_41.gif,https://www.dropbox.com/s/vse7pebjr39joo9/blockchain_repair_test_41.gif?dl=1
suite_429.gif,https://www.dropbox.com/s/oalhly8v8f0a4a7/suite_429.gif?dl=1
iptrack_test_40.gif,https://www.dropbox.com/s/6dfqn9k7gvkicq1/iptrack_test_40.gif?dl=1
twist_42.gif,https://www.dropbox.com/s/nwsw99wlxe6ydiw/twist_42.gif?dl=1
tx_pool_973.gif,https://www.dropbox.com/s/ekmg3fe14w5jghy/tx_pool_973.gif?dl=1
prompt_test_23.gif,https://www.dropbox.com/s/vu9ihqvcszfb5f6/prompt_test_23.gif?dl=1
http_353.gif,https://www.dropbox.com/s/mg0oq92j6iaancd/http_353.gif?dl=1
discv4tests_255.gif,https://www.dropbox.com/s/soq2uix8tbejww7/discv4tests_255.gif?dl=1
blockchain_699.gif,https://www.dropbox.com/s/zekt1ncg5xwl902/blockchain_699.gif?dl=1
account_cache_42.gif,https://www.dropbox.com/s/tei48zqgpogt6tr/account_cache_42.gif?dl=1
network_test_535.gif,https://www.dropbox.com/s/jp6824rzuc6tcfu/network_test_535.gif?dl=1
peer_1395.gif,https://www.dropbox.com/s/bw6ga2vi6qltpj4/peer_1395.gif?dl=1
format_test_9.gif,https://www.dropbox.com/s/gekmggnlbr1dr3c/format_test_9.gif?dl=1
website_19.gif,https://www.dropbox.com/s/y3zef6gun12kj9e/website_19.gif?dl=1
fp_test_1320.gif,https://www.dropbox.com/s/wjq9yinyhb9m0pt/fp_test_1320.gif?dl=1
counter_63.gif,https://www.dropbox.com/s/ihk9zcswbxnejll/counter_63.gif?dl=1
encode_213.gif,https://www.dropbox.com/s/cxf39pmaswfoql2/encode_213.gif?dl=1
wizard_netstats_192.gif,https://www.dropbox.com/s/k552sdo5z829t2v/wizard_netstats_192.gif?dl=1
registry_298.gif,https://www.dropbox.com/s/dzduxft8exof4dj/registry_298.gif?dl=1
contracts_364.gif,https://www.dropbox.com/s/00fsn6cxxik5q5h/contracts_364.gif?dl=1
accessors_chain_test_261.gif,https://www.dropbox.com/s/4r9nx2xxexkt548/accessors_chain_test_261.gif?dl=1
memory_table_54.gif,https://www.dropbox.com/s/7dt3ijw6y85xryc/memory_table_54.gif?dl=1
decode_test_906.gif,https://www.dropbox.com/s/obuxnsknq74vpo1/decode_test_906.gif?dl=1
messages-management_1228.gif,https://www.dropbox.com/s/jsysjzlz2zax9wi/messages-management_1228.gif?dl=1
rpcstack_444.gif,https://www.dropbox.com/s/uuz1nkch7w12afl/rpcstack_444.gif?dl=1
consensus_test_90.gif,https://www.dropbox.com/s/laaatxawvswqkta/consensus_test_90.gif?dl=1
lattice_43.gif,https://www.dropbox.com/s/jyaprgldf53krmg/lattice_43.gif?dl=1
tx_fetcher_324.gif,https://www.dropbox.com/s/haea6xik3hc9ii0/tx_fetcher_324.gif?dl=1
requestbasket_test_25.gif,https://www.dropbox.com/s/7l5a2p4gw73qui9/requestbasket_test_25.gif?dl=1
bytes_70.gif,https://www.dropbox.com/s/krmcdc922tfb4l2/bytes_70.gif?dl=1
completion_test_24.gif,https://www.dropbox.com/s/plnrjwh9lxbyaho/completion_test_24.gif?dl=1
sample_191.gif,https://www.dropbox.com/s/g164oyro2gmrljj/sample_191.gif?dl=1
flags_test_24.gif,https://www.dropbox.com/s/3bqs5yf81oppvjm/flags_test_24.gif?dl=1
iterator_binary_41.gif,https://www.dropbox.com/s/fkrc14yyskqyl9b/iterator_binary_41.gif?dl=1
meter_test_7.gif,https://www.dropbox.com/s/80h2zq6907zlk7h/meter_test_7.gif?dl=1
clientpool-fuzzer_150.gif,https://www.dropbox.com/s/amy80gpa75ihld8/clientpool-fuzzer_150.gif?dl=1
dial_test_281.gif,https://www.dropbox.com/s/ytuljz55jzgyk0e/dial_test_281.gif?dl=1
tx_fetcher_test_76.gif,https://www.dropbox.com/s/wuh30zxia9okop9/tx_fetcher_test_76.gif?dl=1
fp_test_1080.gif,https://www.dropbox.com/s/mcd2d526g8qjhd3/fp_test_1080.gif?dl=1
test_68.gif,https://www.dropbox.com/s/trrnrepvlc71tgh/test_68.gif?dl=1
messages_635.gif,https://www.dropbox.com/s/wuxeytjnoekwrpf/messages_635.gif?dl=1
servingqueue_295.gif,https://www.dropbox.com/s/j43ge486xooyrjf/servingqueue_295.gif?dl=1
v5_udp_test_329.gif,https://www.dropbox.com/s/4lmey86j6h9ejnz/v5_udp_test_329.gif?dl=1
meter_189.gif,https://www.dropbox.com/s/ti4cd7anqwh8ezx/meter_189.gif?dl=1
blockchain_sethead_test_328.gif,https://www.dropbox.com/s/on0jx2ziwhn99mb/blockchain_sethead_test_328.gif?dl=1
txpool_450.gif,https://www.dropbox.com/s/ws10ci4i5g0jf4w/txpool_450.gif?dl=1
balance_377.gif,https://www.dropbox.com/s/pfi3jxzsddatsc3/balance_377.gif?dl=1
gethclient_test_90.gif,https://www.dropbox.com/s/j48z3tpwymsh4i8/gethclient_test_90.gif?dl=1
committer_211.gif,https://www.dropbox.com/s/0idyid3s2dxdzbx/committer_211.gif?dl=1
v5_udp_test_103.gif,https://www.dropbox.com/s/d4u638vzyiai2bm/v5_udp_test_103.gif?dl=1
utesting_154.gif,https://www.dropbox.com/s/9a813ylipy1v60m/utesting_154.gif?dl=1
fp12_74.gif,https://www.dropbox.com/s/hnx0lzus9ydf96v/fp12_74.gif?dl=1
discv4cmd_258.gif,https://www.dropbox.com/s/0gzme84n78lvhuf/discv4cmd_258.gif?dl=1
accessors_snapshot_145.gif,https://www.dropbox.com/s/vboxwnemyz9xwir/accessors_snapshot_145.gif?dl=1
bench_test_137.gif,https://www.dropbox.com/s/elbauord1ohtbg5/bench_test_137.gif?dl=1
worker_661.gif,https://www.dropbox.com/s/aktlfi4o8ifchpt/worker_661.gif?dl=1
crawl_42.gif,https://www.dropbox.com/s/do30kv6wk6sxli1/crawl_42.gif?dl=1
flags_828.gif,https://www.dropbox.com/s/ogrzoysvtrn43hs/flags_828.gif?dl=1
bytes_test_60.gif,https://www.dropbox.com/s/f2jt1s5lamq6v4w/bytes_test_60.gif?dl=1
test_cmd_38.gif,https://www.dropbox.com/s/v6n6jom5a8v7rf3/test_cmd_38.gif?dl=1
jump_table_213.gif,https://www.dropbox.com/s/a807mw77cr7drrg/jump_table_213.gif?dl=1
g1_test_55.gif,https://www.dropbox.com/s/n8zyjrbruzxl814/g1_test_55.gif?dl=1
enr_158.gif,https://www.dropbox.com/s/5xd3hytko9cn1e0/enr_158.gif?dl=1
gfp2_62.gif,https://www.dropbox.com/s/ut8myu6i9arzzhd/gfp2_62.gif?dl=1
suite_366.gif,https://www.dropbox.com/s/nplwt9129rr8gw4/suite_366.gif?dl=1
connect_test_135.gif,https://www.dropbox.com/s/9fh95abvince3ho/connect_test_135.gif?dl=1
tracer_327.gif,https://www.dropbox.com/s/ijs86pwot65nj7t/tracer_327.gif?dl=1
bls12381_fuzz_34.gif,https://www.dropbox.com/s/agrln9po090ee11/bls12381_fuzz_34.gif?dl=1
message_test_25.gif,https://www.dropbox.com/s/f8eaeln02elt649/message_test_25.gif?dl=1
nodedb_304.gif,https://www.dropbox.com/s/itsd6h4nm4028wr/nodedb_304.gif?dl=1
costtracker_478.gif,https://www.dropbox.com/s/cnga6fxka79sdg2/costtracker_478.gif?dl=1
precompile_fuzzer_38.gif,https://www.dropbox.com/s/t86w5rpkh5r5n96/precompile_fuzzer_38.gif?dl=1
accessors_snapshot_182.gif,https://www.dropbox.com/s/9ltdojasv3d47wr/accessors_snapshot_182.gif?dl=1
ecies_test_189.gif,https://www.dropbox.com/s/qntj9fom79mtidk/ecies_test_189.gif?dl=1
arithmetic_fallback_184.gif,https://www.dropbox.com/s/ndn9n8y8l8m75ce/arithmetic_fallback_184.gif?dl=1
curve_49.gif,https://www.dropbox.com/s/5ojh60ade2yo44f/curve_49.gif?dl=1
state_object_421.gif,https://www.dropbox.com/s/4p86gi54nsoajtw/state_object_421.gif?dl=1
handler_23.gif,https://www.dropbox.com/s/xj30295mxi39rdr/handler_23.gif?dl=1
blockchain_663.gif,https://www.dropbox.com/s/zv0shrw7smarggc/blockchain_663.gif?dl=1
fp_test_547.gif,https://www.dropbox.com/s/4pcc9gr8u9yc8kt/fp_test_547.gif?dl=1
crypto_test_204.gif,https://www.dropbox.com/s/2ast1bioh0dm0ez/crypto_test_204.gif?dl=1
framework_38.gif,https://www.dropbox.com/s/mtnmi1745x9wkdh/framework_38.gif?dl=1
proof_test_193.gif,https://www.dropbox.com/s/c37pkq0tdrvbu43/proof_test_193.gif?dl=1
g1_115.gif,https://www.dropbox.com/s/o2z7ljlm31m1cdd/g1_115.gif?dl=1
blockchain_snapshot_test_571.gif,https://www.dropbox.com/s/ul3iyt04q8qph7a/blockchain_snapshot_test_571.gif?dl=1
blockchain_repair_test_389.gif,https://www.dropbox.com/s/jvwevyl8mh83lt3/blockchain_repair_test_389.gif?dl=1
manager_209.gif,https://www.dropbox.com/s/dzq00fp7e8e7iq5/manager_209.gif?dl=1
jump_table_175.gif,https://www.dropbox.com/s/dnh9sifs4tuyu40/jump_table_175.gif?dl=1
network_709.gif,https://www.dropbox.com/s/10j1414pwaovxkl/network_709.gif?dl=1
sample_383.gif,https://www.dropbox.com/s/j4soplprgouawbk/sample_383.gif?dl=1
wizard_genesis_38.gif,https://www.dropbox.com/s/yeih2sanqzicesr/wizard_genesis_38.gif?dl=1
optate_307.gif,https://www.dropbox.com/s/cbsr1oos74eniau/optate_307.gif?dl=1
swu_68.gif,https://www.dropbox.com/s/k39w0wqq10qfm4g/swu_68.gif?dl=1
mocker_test_32.gif,https://www.dropbox.com/s/gtvd4jee6y0qshv/mocker_test_32.gif?dl=1
storage_47.gif,https://www.dropbox.com/s/33iyztrye8s7vuq/storage_47.gif?dl=1
gen_btheader_59.gif,https://www.dropbox.com/s/lbn6yacqkvejwca/gen_btheader_59.gif?dl=1
worker_275.gif,https://www.dropbox.com/s/w65af76fokub9ww/worker_275.gif?dl=1
g2_203.gif,https://www.dropbox.com/s/f05ot5mqg2w8vzz/g2_203.gif?dl=1
blake2b_155.gif,https://www.dropbox.com/s/n851aya52qrmchf/blake2b_155.gif?dl=1
generator_test_28.gif,https://www.dropbox.com/s/mjrsws4x2n6xmdr/generator_test_28.gif?dl=1
transaction_args_247.gif,https://www.dropbox.com/s/4drn1qol0ygfhom/transaction_args_247.gif?dl=1
blake2bAVX2_amd64_489.gif,https://www.dropbox.com/s/53zhas7lvf4msz8/blake2bAVX2_amd64_489.gif?dl=1
sync_test_343.gif,https://www.dropbox.com/s/bjlx1jcxnqlb238/sync_test_343.gif?dl=1
transition_287.gif,https://www.dropbox.com/s/etelcoupxn0debw/transition_287.gif?dl=1
api_189.gif,https://www.dropbox.com/s/0ft8hcafpca2lou/api_189.gif?dl=1
journal_142.gif,https://www.dropbox.com/s/vx46jkeczgj2mbz/journal_142.gif?dl=1
contracts_162.gif,https://www.dropbox.com/s/trxumr2v3p9yc90/contracts_162.gif?dl=1
unconfirmed_test_28.gif,https://www.dropbox.com/s/h7ej81xmgdj0z0a/unconfirmed_test_28.gif?dl=1
tx_pool_test_497.gif,https://www.dropbox.com/s/qkefv0j185lsoxi/tx_pool_test_497.gif?dl=1
utesting_192.gif,https://www.dropbox.com/s/xpqv1f4fszy52tl/utesting_192.gif?dl=1
bls12381_fuzz_185.gif,https://www.dropbox.com/s/ibpgawsr1q5taml/bls12381_fuzz_185.gif?dl=1
benchmark_96.gif,https://www.dropbox.com/s/hafgdh1n1bssb06/benchmark_96.gif?dl=1
flags_1918.gif,https://www.dropbox.com/s/n4b59by00e0nos0/flags_1918.gif?dl=1
table_util_test_75.gif,https://www.dropbox.com/s/5we07bt6xg3bru9/table_util_test_75.gif?dl=1
fillset_test_35.gif,https://www.dropbox.com/s/05uv8wqysmbmnnb/fillset_test_35.gif?dl=1
topics_30.gif,https://www.dropbox.com/s/fb4g96jg3x65o3a/topics_30.gif?dl=1
dial_test_119.gif,https://www.dropbox.com/s/9t6whcq4pj54kas/dial_test_119.gif?dl=1
registry_test_59.gif,https://www.dropbox.com/s/fzwrnwaxn7qcb8m/registry_test_59.gif?dl=1
tx_pool_1747.gif,https://www.dropbox.com/s/pfdbuucgnzkusti/tx_pool_1747.gif?dl=1
les-fuzzer_146.gif,https://www.dropbox.com/s/9pt12m95ovumu51/les-fuzzer_146.gif?dl=1
nodestate_test_133.gif,https://www.dropbox.com/s/dj0gucruvdwwmiv/nodestate_test_133.gif?dl=1
freezer_293.gif,https://www.dropbox.com/s/ala6bu3rkkbt6gd/freezer_293.gif?dl=1
assets_417.gif,https://www.dropbox.com/s/xw4o3pt0nipzxwz/assets_417.gif?dl=1
bloom9_80.gif,https://www.dropbox.com/s/ogcqjs05ryj4tlq/bloom9_80.gif?dl=1
keystore_test_153.gif,https://www.dropbox.com/s/msatgjfrnu1k2bl/keystore_test_153.gif?dl=1
gfp2_98.gif,https://www.dropbox.com/s/2lfvn2wzayvo6cl/gfp2_98.gif?dl=1
memorydb_49.gif,https://www.dropbox.com/s/in3yk8r3t3qa4k2/memorydb_49.gif?dl=1
flags_1313.gif,https://www.dropbox.com/s/aowf48z3i2cwlmz/flags_1313.gif?dl=1
bn256_169.gif,https://www.dropbox.com/s/aidkjclqa6g5g23/bn256_169.gif?dl=1
miner_test_174.gif,https://www.dropbox.com/s/udqhqvkpbw0svxo/miner_test_174.gif?dl=1
ci_694.gif,https://www.dropbox.com/s/3q4qq4nwmhnbz50/ci_694.gif?dl=1
helpers_512.gif,https://www.dropbox.com/s/vuysv6xx5vuiol3/helpers_512.gif?dl=1
expiredvalue_test_121.gif,https://www.dropbox.com/s/zyxeajrgtg4fv2s/expiredvalue_test_121.gif?dl=1
msgrate_148.gif,https://www.dropbox.com/s/m7bagdf16iriikc/msgrate_148.gif?dl=1
websocket_253.gif,https://www.dropbox.com/s/lts25oi5z3y4kjt/websocket_253.gif?dl=1
idscheme_79.gif,https://www.dropbox.com/s/bnxpicluj5ddpf6/idscheme_79.gif?dl=1
rlpx_119.gif,https://www.dropbox.com/s/vt9wcjphh6r89zf/rlpx_119.gif?dl=1
hasher_154.gif,https://www.dropbox.com/s/a7jovyvy316qcjg/hasher_154.gif?dl=1
registry_test_222.gif,https://www.dropbox.com/s/rk257qasws19rad/registry_test_222.gif?dl=1
secure_trie_test_107.gif,https://www.dropbox.com/s/u7xyfbuv8gqm4y9/secure_trie_test_107.gif?dl=1
http_test_362.gif,https://www.dropbox.com/s/fp29hpgebp5n4bx/http_test_362.gif?dl=1
arithmetic_fallback_346.gif,https://www.dropbox.com/s/94cpvdbqxmv56qi/arithmetic_fallback_346.gif?dl=1
wallet_305.gif,https://www.dropbox.com/s/lgxmowl9ahzjg23/wallet_305.gif?dl=1
gfp12_20.gif,https://www.dropbox.com/s/geifuddecovt57m/gfp12_20.gif?dl=1
trie_prefetcher_test_27.gif,https://www.dropbox.com/s/3418z2rcfi08mye/trie_prefetcher_test_27.gif?dl=1
healthcheck_12.gif,https://www.dropbox.com/s/setr23rwjlymu6e/healthcheck_12.gif?dl=1
access_list_tx_36.gif,https://www.dropbox.com/s/27fwh35rol5bib5/access_list_tx_36.gif?dl=1
txpool_286.gif,https://www.dropbox.com/s/dg39wqlhk2fyvg4/txpool_286.gif?dl=1
raw_32.gif,https://www.dropbox.com/s/nk8hywzb3rf2wf4/raw_32.gif?dl=1
iter_test_121.gif,https://www.dropbox.com/s/4mon7sm7gvcr23t/iter_test_121.gif?dl=1
blockchain_847.gif,https://www.dropbox.com/s/68v5ltp1ybvn0hx/blockchain_847.gif?dl=1
fp6_194.gif,https://www.dropbox.com/s/bzyv06tav6l4xlw/fp6_194.gif?dl=1
worker_699.gif,https://www.dropbox.com/s/erw2kxhnkuln5t8/worker_699.gif?dl=1
crawl_104.gif,https://www.dropbox.com/s/ya76tpvqj0ths4j/crawl_104.gif?dl=1
blake2b_52.gif,https://www.dropbox.com/s/c4nya1hmxvj9hcb/blake2b_52.gif?dl=1
difflayer_213.gif,https://www.dropbox.com/s/uruaak36t0gah3l/difflayer_213.gif?dl=1
http_619.gif,https://www.dropbox.com/s/b866dnw6dpywueq/http_619.gif?dl=1
fp_test_1285.gif,https://www.dropbox.com/s/134l4ljf50ij4z4/fp_test_1285.gif?dl=1
sample_419.gif,https://www.dropbox.com/s/lchrgxvq6lcfu38/sample_419.gif?dl=1
contracts_404.gif,https://www.dropbox.com/s/sov88dtcywk5k1y/contracts_404.gif?dl=1
testlog_63.gif,https://www.dropbox.com/s/s30k53rdlzclko8/testlog_63.gif?dl=1
bitutil_test_154.gif,https://www.dropbox.com/s/lwjhdy68x0j8pzt/bitutil_test_154.gif?dl=1
graphql_1055.gif,https://www.dropbox.com/s/ipnq6o9rnhzawn1/graphql_1055.gif?dl=1
inproc_176.gif,https://www.dropbox.com/s/06ftuv5lkdba7iw/inproc_176.gif?dl=1
handler_test_472.gif,https://www.dropbox.com/s/yv66cqnbi0cth91/handler_test_472.gif?dl=1
tx_fetcher_test_1015.gif,https://www.dropbox.com/s/m17mxnlfsa5a1y3/tx_fetcher_test_1015.gif?dl=1
http_test_83.gif,https://www.dropbox.com/s/e46obn01lmyabra/http_test_83.gif?dl=1
downloader_test_346.gif,https://www.dropbox.com/s/o3uctc9agy7pl2c/downloader_test_346.gif?dl=1
blockchain_sethead_test_688.gif,https://www.dropbox.com/s/g4e8199wiiuor6w/blockchain_sethead_test_688.gif?dl=1
suite_229.gif,https://www.dropbox.com/s/f389rf5zg2h7ao7/suite_229.gif?dl=1
chaincmd_182.gif,https://www.dropbox.com/s/7h0cbemz7xz1lip/chaincmd_182.gif?dl=1
rpcstack_481.gif,https://www.dropbox.com/s/3ihp5rls90bgyb1/rpcstack_481.gif?dl=1
graphql_616.gif,https://www.dropbox.com/s/2xrgkvrq1s4zbo4/graphql_616.gif?dl=1
pruner_404.gif,https://www.dropbox.com/s/kx2cxcltk218hdc/pruner_404.gif?dl=1
tree_81.gif,https://www.dropbox.com/s/gg0g8uy8izvkxqj/tree_81.gif?dl=1
fp6_235.gif,https://www.dropbox.com/s/vnsn9ifooft2f02/fp6_235.gif?dl=1
websocket_48.gif,https://www.dropbox.com/s/tm4bpvam2qxse1m/websocket_48.gif?dl=1
helpers_465.gif,https://www.dropbox.com/s/dxmdsd0hktgbk0l/helpers_465.gif?dl=1
arithmetic_fallback_227.gif,https://www.dropbox.com/s/fbquznrt3clcktj/arithmetic_fallback_227.gif?dl=1
ethash_test_33.gif,https://www.dropbox.com/s/vrh2rje5yt24zm3/ethash_test_33.gif?dl=1
suite_572.gif,https://www.dropbox.com/s/h1y5wfdoa6i25w0/suite_572.gif?dl=1
v5_udp_124.gif,https://www.dropbox.com/s/h3bi68bre8yrbl2/v5_udp_124.gif?dl=1
fetcher_test_102.gif,https://www.dropbox.com/s/z5k3ra74fl99y6a/fetcher_test_102.gif?dl=1
decode_test_1098.gif,https://www.dropbox.com/s/bfde8mxaikmxi2j/decode_test_1098.gif?dl=1
version_check_55.gif,https://www.dropbox.com/s/6i0aqr60a10sv7p/version_check_55.gif?dl=1
peer_1231.gif,https://www.dropbox.com/s/8op5gprw1pps0zu/peer_1231.gif?dl=1
net_test_117.gif,https://www.dropbox.com/s/tj1yi3kmafzrbs3/net_test_117.gif?dl=1
encode_test_36.gif,https://www.dropbox.com/s/vvht71xd9c8bfo7/encode_test_36.gif?dl=1
url_43.gif,https://www.dropbox.com/s/1djik150mojyjza/url_43.gif?dl=1
exec_queue_67.gif,https://www.dropbox.com/s/yu9njo7u57z4hwp/exec_queue_67.gif?dl=1
net_test_70.gif,https://www.dropbox.com/s/ncahjh42kmehr3z/net_test_70.gif?dl=1
account_cache_193.gif,https://www.dropbox.com/s/qupc3l0wmwv9eyw/account_cache_193.gif?dl=1
leveldb_260.gif,https://www.dropbox.com/s/eizzcrs77wuw3ya/leveldb_260.gif?dl=1
blake2b_test_16.gif,https://www.dropbox.com/s/11vq0ddod27h0x0/blake2b_test_16.gif?dl=1
ci_250.gif,https://www.dropbox.com/s/si7mxmgpxts4wwf/ci_250.gif?dl=1
g1_68.gif,https://www.dropbox.com/s/y5jqcp6o90h66r5/g1_68.gif?dl=1
tx_fetcher_test_303.gif,https://www.dropbox.com/s/i42u93x1l8tvq6w/tx_fetcher_test_303.gif?dl=1
decode_557.gif,https://www.dropbox.com/s/38x6xfc0ccgjyai/decode_557.gif?dl=1
field_element_204.gif,https://www.dropbox.com/s/d6ilmpf44yuiq4z/field_element_204.gif?dl=1
suite_610.gif,https://www.dropbox.com/s/12ph3dmybuowobv/suite_610.gif?dl=1
feed_test_127.gif,https://www.dropbox.com/s/ptlfp578qn4af7p/feed_test_127.gif?dl=1
sample_578.gif,https://www.dropbox.com/s/6jmp72vf075fhe2/sample_578.gif?dl=1
iterator_binary_155.gif,https://www.dropbox.com/s/s48rkixzxcc5l52/iterator_binary_155.gif?dl=1
inproc_test_139.gif,https://www.dropbox.com/s/xn9g9j453gxrntp/inproc_test_139.gif?dl=1
consolecmd_75.gif,https://www.dropbox.com/s/aqqpzyqenikyq7t/consolecmd_75.gif?dl=1
sample_test_57.gif,https://www.dropbox.com/s/9iujj8vk1klr5pk/sample_test_57.gif?dl=1
inproc_215.gif,https://www.dropbox.com/s/932g4sxohv1kci8/inproc_215.gif?dl=1
update-license_242.gif,https://www.dropbox.com/s/0as49x7usjwxrd0/update-license_242.gif?dl=1
manager_169.gif,https://www.dropbox.com/s/h3ykfqkbix2fy4n/manager_169.gif?dl=1
abi_45.gif,https://www.dropbox.com/s/xf0gzt5ca845i58/abi_45.gif?dl=1
idscheme_44.gif,https://www.dropbox.com/s/nv6nw56pfvjuw4h/idscheme_44.gif?dl=1
nodestate_test_332.gif,https://www.dropbox.com/s/j6q15hzrstwgndu/nodestate_test_332.gif?dl=1
committer_175.gif,https://www.dropbox.com/s/pb5jtj086kyiu0d/committer_175.gif?dl=1
keystore_test_346.gif,https://www.dropbox.com/s/p5sw41ecdy5tsc6/keystore_test_346.gif?dl=1
statedb_127.gif,https://www.dropbox.com/s/m2aw4580iv2ik33/statedb_127.gif?dl=1
console_80.gif,https://www.dropbox.com/s/bnt9j5hzmcqmn65/console_80.gif?dl=1
ecies_61.gif,https://www.dropbox.com/s/ekcwn46ih0sbi43/ecies_61.gif?dl=1
miner_test_138.gif,https://www.dropbox.com/s/cy1x8eye1k0f3ur/miner_test_138.gif?dl=1
gauge_62.gif,https://www.dropbox.com/s/c6p15qu6bm2cjbh/gauge_62.gif?dl=1
g1_test_137.gif,https://www.dropbox.com/s/ydpuur4tainh64l/g1_test_137.gif?dl=1
tx_fetcher_test_166.gif,https://www.dropbox.com/s/vpstvief1mslhjs/tx_fetcher_test_166.gif?dl=1
4byte_146931.gif,https://www.dropbox.com/s/j0tlc7qkw1bx9d2/4byte_146931.gif?dl=1
graphql_45.gif,https://www.dropbox.com/s/hoke827yu1a5j5h/graphql_45.gif?dl=1
gethclient_test_133.gif,https://www.dropbox.com/s/ekwb9dlwk05hkzk/gethclient_test_133.gif?dl=1
dial_test_155.gif,https://www.dropbox.com/s/bt54ia4csaooxpu/dial_test_155.gif?dl=1
test_cmd_225.gif,https://www.dropbox.com/s/tar13mm4bfxqp5w/test_cmd_225.gif?dl=1
net_72.gif,https://www.dropbox.com/s/odml0odi2f89sk4/net_72.gif?dl=1
dial_test_627.gif,https://www.dropbox.com/s/swf9zg6wsc8pbx2/dial_test_627.gif?dl=1
http_657.gif,https://www.dropbox.com/s/55977199jklzcih/http_657.gif?dl=1
encode_test_368.gif,https://www.dropbox.com/s/trmgolwslb6xoup/encode_test_368.gif?dl=1
resetting_timer_60.gif,https://www.dropbox.com/s/sxxuxdow936lcx9/resetting_timer_60.gif?dl=1
clientpool_test_33.gif,https://www.dropbox.com/s/28kasjwr11q7fpc/clientpool_test_33.gif?dl=1
prque_test_15.gif,https://www.dropbox.com/s/bp5njfsoc70dzpv/prque_test_15.gif?dl=1
block_141.gif,https://www.dropbox.com/s/gkllhjz987jnhho/block_141.gif?dl=1
meter_63.gif,https://www.dropbox.com/s/3wwdcaukrihabii/meter_63.gif?dl=1
fp_test_867.gif,https://www.dropbox.com/s/mo2nfiuklw0u3bc/fp_test_867.gif?dl=1
test_cmd_190.gif,https://www.dropbox.com/s/ycq5sv4zr9vzixu/test_cmd_190.gif?dl=1
sample_47.gif,https://www.dropbox.com/s/0fupleozdyei17v/sample_47.gif?dl=1
ecies_145.gif,https://www.dropbox.com/s/tijbz7jjiapgkcd/ecies_145.gif?dl=1
timer_191.gif,https://www.dropbox.com/s/a2a98x1kh578hwz/timer_191.gif?dl=1
wizard_186.gif,https://www.dropbox.com/s/55s6akzpcoxytl3/wizard_186.gif?dl=1
wizard_94.gif,https://www.dropbox.com/s/kbl872ouhing45a/wizard_94.gif?dl=1
disk_linux_30.gif,https://www.dropbox.com/s/g6z3pvtywrqlehp/disk_linux_30.gif?dl=1
tx_pool_1455.gif,https://www.dropbox.com/s/ii7ely346st74zu/tx_pool_1455.gif?dl=1
messages-management_427.gif,https://www.dropbox.com/s/nwhaifm3zhifjr5/messages-management_427.gif?dl=1
handler_eth_38.gif,https://www.dropbox.com/s/wcv4z2wdbakxiss/handler_eth_38.gif?dl=1
queue_test_194.gif,https://www.dropbox.com/s/lxixiqqo8xg8wxp/queue_test_194.gif?dl=1
decode_test_230.gif,https://www.dropbox.com/s/anf58oc4ehz8ycl/decode_test_230.gif?dl=1
bn256_test_160.gif,https://www.dropbox.com/s/fe21v0cavwljfuf/bn256_test_160.gif?dl=1
lexer_97.gif,https://www.dropbox.com/s/t71oyrn7tatt42i/lexer_97.gif?dl=1
freezer_table_test_696.gif,https://www.dropbox.com/s/ahs3o955f365aoo/freezer_table_test_696.gif?dl=1
suite_89.gif,https://www.dropbox.com/s/18jawf2xe0npv9g/suite_89.gif?dl=1
network_745.gif,https://www.dropbox.com/s/2bljdm9sgylfv0k/network_745.gif?dl=1
bn256_252.gif,https://www.dropbox.com/s/60rgt5g5sb3fxk4/bn256_252.gif?dl=1
rpcstack_182.gif,https://www.dropbox.com/s/62ynpnxmwdd5sgh/rpcstack_182.gif?dl=1
balance_test_393.gif,https://www.dropbox.com/s/6v3bckev13oyqgv/balance_test_393.gif?dl=1
vyper_test_23.gif,https://www.dropbox.com/s/t7ifzku63tp7pw1/vyper_test_23.gif?dl=1
bench_test_36.gif,https://www.dropbox.com/s/qg4cz73tkkgatl9/bench_test_36.gif?dl=1
stdio_28.gif,https://www.dropbox.com/s/in0s30yauhkvpm1/stdio_28.gif?dl=1
hashing_39.gif,https://www.dropbox.com/s/lwyml2tc5lxo3f5/hashing_39.gif?dl=1
compiler_test_22.gif,https://www.dropbox.com/s/tccut0ofk00807y/compiler_test_22.gif?dl=1
bn256_77.gif,https://www.dropbox.com/s/kc8haxdyo98vv3o/bn256_77.gif?dl=1
website_172.gif,https://www.dropbox.com/s/ery9g0yu1f7pcbj/website_172.gif?dl=1
raw_69.gif,https://www.dropbox.com/s/6m9flpkmygnjfqi/raw_69.gif?dl=1
nodesetcmd_98.gif,https://www.dropbox.com/s/b021uskbno0bbig/nodesetcmd_98.gif?dl=1
table_util_test_145.gif,https://www.dropbox.com/s/2ahvn1vwcez1wkp/table_util_test_145.gif?dl=1
stacktrie_86.gif,https://www.dropbox.com/s/kmm98cwk5gzq4hz/stacktrie_86.gif?dl=1
proof_test_530.gif,https://www.dropbox.com/s/n3tiz64zerjwkyf/proof_test_530.gif?dl=1
queue_145.gif,https://www.dropbox.com/s/20sm49b0mbpsx3e/queue_145.gif?dl=1
customflags_75.gif,https://www.dropbox.com/s/09ic0u8zljt84fp/customflags_75.gif?dl=1
ci_154.gif,https://www.dropbox.com/s/ieuwknsiw6np2ua/ci_154.gif?dl=1
nodedb_406.gif,https://www.dropbox.com/s/gx9ewpn7inzbkqs/nodedb_406.gif?dl=1
bindata_17.gif,https://www.dropbox.com/s/xfzv1omwlthmncw/bindata_17.gif?dl=1
influxdbv2_86.gif,https://www.dropbox.com/s/cy29pbf691juyu7/influxdbv2_86.gif?dl=1
meter_test_49.gif,https://www.dropbox.com/s/dl9qly5la42nuas/meter_test_49.gif?dl=1
blake2bAVX2_amd64_217.gif,https://www.dropbox.com/s/0vv3aq43c3qov09/blake2bAVX2_amd64_217.gif?dl=1
inproc_test_28.gif,https://www.dropbox.com/s/ti2lsjfdldpp1pv/inproc_test_28.gif?dl=1
freezer_table_test_253.gif,https://www.dropbox.com/s/5kp0d75u7zy3v8u/freezer_table_test_253.gif?dl=1
simclock_94.gif,https://www.dropbox.com/s/67nw02qw5de91e0/simclock_94.gif?dl=1
transaction_marshalling_53.gif,https://www.dropbox.com/s/a5pwtakiizeh1c8/transaction_marshalling_53.gif?dl=1
contracts_273.gif,https://www.dropbox.com/s/jg74sg9wurkrdg5/contracts_273.gif?dl=1
histogram_test_4.gif,https://www.dropbox.com/s/ut4rfb2fyejypta/histogram_test_4.gif?dl=1
histogram_134.gif,https://www.dropbox.com/s/ue16xdqqmtn1hth/histogram_134.gif?dl=1
table_util_test_190.gif,https://www.dropbox.com/s/d0zq8zpbcn475eu/table_util_test_190.gif?dl=1
nodesetcmd_59.gif,https://www.dropbox.com/s/hbu16b17iav2euo/nodesetcmd_59.gif?dl=1
blake2b_279.gif,https://www.dropbox.com/s/62vewebqyxk3620/blake2b_279.gif?dl=1
difflayer_79.gif,https://www.dropbox.com/s/hwz2ad8r83embr5/difflayer_79.gif?dl=1
discv4cmd_206.gif,https://www.dropbox.com/s/p8h35rfpsuqn7xk/discv4cmd_206.gif?dl=1
encode_264.gif,https://www.dropbox.com/s/ry2uyjh95i1yw3k/encode_264.gif?dl=1
clientdb_test_86.gif,https://www.dropbox.com/s/c4a8vdktrdhsf2i/clientdb_test_86.gif?dl=1
tracer_194.gif,https://www.dropbox.com/s/g5vfthel7dze85y/tracer_194.gif?dl=1
stacktrie_121.gif,https://www.dropbox.com/s/c7jd61n553d4dz8/stacktrie_121.gif?dl=1
types_36.gif,https://www.dropbox.com/s/0k3eop1hahsth7u/types_36.gif?dl=1
tx_pool_333.gif,https://www.dropbox.com/s/ti7t91d1ulbdvu5/tx_pool_333.gif?dl=1
queue_test_380.gif,https://www.dropbox.com/s/ltle51m0a0lqa96/queue_test_380.gif?dl=1
suite_728.gif,https://www.dropbox.com/s/a6uz9qzy1xdx7f7/suite_728.gif?dl=1
blake2bAVX2_amd64_175.gif,https://www.dropbox.com/s/jafsmnye9btqc7w/blake2bAVX2_amd64_175.gif?dl=1
block_fetcher_331.gif,https://www.dropbox.com/s/xddvnjc4qynav0n/block_fetcher_331.gif?dl=1
assets_262.gif,https://www.dropbox.com/s/heiup1j4pof2deg/assets_262.gif?dl=1
net_test_28.gif,https://www.dropbox.com/s/vl2axltl8pph5jn/net_test_28.gif?dl=1
format_33.gif,https://www.dropbox.com/s/lxv27miwdkkd2hh/format_33.gif?dl=1
ewma_test_7.gif,https://www.dropbox.com/s/e7c3lhgp2fc6q5c/ewma_test_7.gif?dl=1
statesync_48.gif,https://www.dropbox.com/s/rygg9tfyxyvzsf9/statesync_48.gif?dl=1
mclock_79.gif,https://www.dropbox.com/s/pztu08fasvki0ok/mclock_79.gif?dl=1
console_test_286.gif,https://www.dropbox.com/s/qjz8ahu80uiwfgm/console_test_286.gif?dl=1
ethstats_463.gif,https://www.dropbox.com/s/yowqk8ji927kw4k/ethstats_463.gif?dl=1
balance_test_144.gif,https://www.dropbox.com/s/0j006u9lf33bg6m/balance_test_144.gif?dl=1
sample_130.gif,https://www.dropbox.com/s/0lr4t98h2zdmj5w/sample_130.gif?dl=1
gen_btheader_17.gif,https://www.dropbox.com/s/mdv8fg9t7uz5agd/gen_btheader_17.gif?dl=1
iter_test_232.gif,https://www.dropbox.com/s/5uqilwcx6azf6o5/iter_test_232.gif?dl=1
worker_549.gif,https://www.dropbox.com/s/k4xhqlgkev6x9hu/worker_549.gif?dl=1
wizard_146.gif,https://www.dropbox.com/s/f16ltw3ncm141il/wizard_146.gif?dl=1
dial_test_585.gif,https://www.dropbox.com/s/yckq9tb9mambfsw/dial_test_585.gif?dl=1
metrics_test_19.gif,https://www.dropbox.com/s/ik7ow6kl8zz3jbc/metrics_test_19.gif?dl=1
messages-management_357.gif,https://www.dropbox.com/s/9rhwzza6k90kttr/messages-management_357.gif?dl=1
field_element_test_9.gif,https://www.dropbox.com/s/l2chg5ahmgr9sks/field_element_test_9.gif?dl=1
tx_fetcher_test_762.gif,https://www.dropbox.com/s/9e13858adbylvhq/tx_fetcher_test_762.gif?dl=1
lightchain_174.gif,https://www.dropbox.com/s/74a61x6dievext0/lightchain_174.gif?dl=1
simclock_133.gif,https://www.dropbox.com/s/8z8cg6aen4i2m78/simclock_133.gif?dl=1
txrelay_39.gif,https://www.dropbox.com/s/1wggcyw4wdkd09g/txrelay_39.gif?dl=1
ethash_375.gif,https://www.dropbox.com/s/p2aedabn638ub0k/ethash_375.gif?dl=1
network_test_812.gif,https://www.dropbox.com/s/vxzfju3qmowocrf/network_test_812.gif?dl=1
feed_94.gif,https://www.dropbox.com/s/1u57lzv52mn4ol8/feed_94.gif?dl=1
utesting_49.gif,https://www.dropbox.com/s/zpo250n44n7y5zd/utesting_49.gif?dl=1
sample_86.gif,https://www.dropbox.com/s/zsy1sv2bqj0r3qe/sample_86.gif?dl=1
protocol_test_73.gif,https://www.dropbox.com/s/1zuol3m662862vv/protocol_test_73.gif?dl=1
secp256_test_18.gif,https://www.dropbox.com/s/xv7vac0n56r4j8h/secp256_test_18.gif?dl=1
fp_test_695.gif,https://www.dropbox.com/s/ip1pe3dkdwonxsp/fp_test_695.gif?dl=1
ethclient_test_189.gif,https://www.dropbox.com/s/45zaut72oytkbdd/ethclient_test_189.gif?dl=1
discv4tests_89.gif,https://www.dropbox.com/s/i7rmq10l2jjypc5/discv4tests_89.gif?dl=1
encoding_test_79.gif,https://www.dropbox.com/s/581i2bgd5lafnnr/encoding_test_79.gif?dl=1
blockchain_repair_test_477.gif,https://www.dropbox.com/s/698e2a3ncsysln3/blockchain_repair_test_477.gif?dl=1
msg_148.gif,https://www.dropbox.com/s/vr42vgc7giy9gng/msg_148.gif?dl=1
statedb_290.gif,https://www.dropbox.com/s/9kqoezqjh5n6xs8/statedb_290.gif?dl=1
blockchain_sethead_test_377.gif,https://www.dropbox.com/s/bma4qkbzvzlipn6/blockchain_sethead_test_377.gif?dl=1
session_59.gif,https://www.dropbox.com/s/tfa7r03j91syt2l/session_59.gif?dl=1
connect_test_85.gif,https://www.dropbox.com/s/gbpw4v6vtlaq3tb/connect_test_85.gif?dl=1
iter_test_192.gif,https://www.dropbox.com/s/x87ffrv7d8o78y5/iter_test_192.gif?dl=1
fp12_241.gif,https://www.dropbox.com/s/rfapwh5hc5fveqq/fp12_241.gif?dl=1
network_140.gif,https://www.dropbox.com/s/i7am94zb4limz2l/network_140.gif?dl=1
iterator_binary_118.gif,https://www.dropbox.com/s/lcklfh5khorevg6/iterator_binary_118.gif?dl=1
tx_pool_test_546.gif,https://www.dropbox.com/s/lamkprzlxb7ww0f/tx_pool_test_546.gif?dl=1
fp_test_736.gif,https://www.dropbox.com/s/8f9u1op12rp66e0/fp_test_736.gif?dl=1
rlp_test_71.gif,https://www.dropbox.com/s/cl68nnzakomhx49/rlp_test_71.gif?dl=1
sync_test_245.gif,https://www.dropbox.com/s/8akcu0f3euhfeq1/sync_test_245.gif?dl=1
bn256_127.gif,https://www.dropbox.com/s/o4gcwxkottunatv/bn256_127.gif?dl=1
wizard_genesis_144.gif,https://www.dropbox.com/s/9y31t9dyqv261j3/wizard_genesis_144.gif?dl=1
iterator_fast_174.gif,https://www.dropbox.com/s/k32mzdtwupvnamo/iterator_fast_174.gif?dl=1
gen_config_108.gif,https://www.dropbox.com/s/ywvoyb2tsr5sm47/gen_config_108.gif?dl=1
leveldb_188.gif,https://www.dropbox.com/s/dwzbiht1f0q4im2/leveldb_188.gif?dl=1
website_94.gif,https://www.dropbox.com/s/59b76z758iftmug/website_94.gif?dl=1
receipt_test_119.gif,https://www.dropbox.com/s/fvku384lm9f8ti4/receipt_test_119.gif?dl=1
module_faucet_163.gif,https://www.dropbox.com/s/3i0thnv855dqze9/module_faucet_163.gif?dl=1
v5_udp_541.gif,https://www.dropbox.com/s/awugl43ld2h18vp/v5_udp_541.gif?dl=1
messages-ethereum_290.gif,https://www.dropbox.com/s/maq083xe2hl1d74/messages-ethereum_290.gif?dl=1
framework_73.gif,https://www.dropbox.com/s/pg6yyapn94dhgoj/framework_73.gif?dl=1
gfp12_132.gif,https://www.dropbox.com/s/uii5ldqetpz3z4q/gfp12_132.gif?dl=1
tx_fetcher_test_376.gif,https://www.dropbox.com/s/xzmehkue4p55vio/tx_fetcher_test_376.gif?dl=1
bridge_383.gif,https://www.dropbox.com/s/se52g3fhysh27iy/bridge_383.gif?dl=1
tree_189.gif,https://www.dropbox.com/s/t0q9ak55309h1dg/tree_189.gif?dl=1
discv4tests_409.gif,https://www.dropbox.com/s/ugfebmqts551p87/discv4tests_409.gif?dl=1
type_217.gif,https://www.dropbox.com/s/gutrpu3lk735lgc/type_217.gif?dl=1
dns_cloudflare_47.gif,https://www.dropbox.com/s/zj7scshpzpbbwd7/dns_cloudflare_47.gif?dl=1
discv4tests_353.gif,https://www.dropbox.com/s/yqz6uezjh4ge586/discv4tests_353.gif?dl=1
client_test_100.gif,https://www.dropbox.com/s/syer7xv1dvrzsur/client_test_100.gif?dl=1
handler_106.gif,https://www.dropbox.com/s/k516sfxu4j4b71v/handler_106.gif?dl=1
queue_test_86.gif,https://www.dropbox.com/s/n5pbty7o60qmzgf/queue_test_86.gif?dl=1
messages-management_636.gif,https://www.dropbox.com/s/20i3gkk8cmjo1bf/messages-management_636.gif?dl=1
v5_udp_test_366.gif,https://www.dropbox.com/s/pwo6yvcajipw23v/v5_udp_test_366.gif?dl=1
jsre_222.gif,https://www.dropbox.com/s/lwars0eyr8318ok/jsre_222.gif?dl=1
test_33.gif,https://www.dropbox.com/s/tkklvllv9kle8r9/test_33.gif?dl=1
generator_44.gif,https://www.dropbox.com/s/s74ux0r56ped0dz/generator_44.gif?dl=1
keystore_test_284.gif,https://www.dropbox.com/s/skep1ff2tvfnpvs/keystore_test_284.gif?dl=1
sample_test_306.gif,https://www.dropbox.com/s/caf3slaeht2obvh/sample_test_306.gif?dl=1
registry_14.gif,https://www.dropbox.com/s/aip6yc3ic1dkodw/registry_14.gif?dl=1
freezer_144.gif,https://www.dropbox.com/s/p0y3zx4m5853bcd/freezer_144.gif?dl=1
fp2_103.gif,https://www.dropbox.com/s/abtzm46h4qndp31/fp2_103.gif?dl=1
decode_test_1007.gif,https://www.dropbox.com/s/wbwv7suxnshcnqc/decode_test_1007.gif?dl=1
http_test_263.gif,https://www.dropbox.com/s/jjmi5iw0juh87xl/http_test_263.gif?dl=1
v4_udp_248.gif,https://www.dropbox.com/s/08geahjdkzkgwdi/v4_udp_248.gif?dl=1
dnscmd_302.gif,https://www.dropbox.com/s/gmz531m6mmx2ikx/dnscmd_302.gif?dl=1
stacktrie_469.gif,https://www.dropbox.com/s/2tq6pja6muezmxj/stacktrie_469.gif?dl=1
ethash_test_84.gif,https://www.dropbox.com/s/0d09qt2e2i3a8y8/ethash_test_84.gif?dl=1
timer_155.gif,https://www.dropbox.com/s/fjcq4cibsn9g7va/timer_155.gif?dl=1
helpers_88.gif,https://www.dropbox.com/s/g348sjvj50261he/helpers_88.gif?dl=1
trie_test_378.gif,https://www.dropbox.com/s/wipudsu3fbw70qf/trie_test_378.gif?dl=1
registry_214.gif,https://www.dropbox.com/s/c6rrvh2563mi522/registry_214.gif?dl=1
resetting_timer_98.gif,https://www.dropbox.com/s/0cpcv820nurnw9d/resetting_timer_98.gif?dl=1
encode_466.gif,https://www.dropbox.com/s/w19q2pucvke5wry/encode_466.gif?dl=1
nodesetcmd_185.gif,https://www.dropbox.com/s/xsc4i00v3xjifdk/nodesetcmd_185.gif?dl=1
bn256_test_199.gif,https://www.dropbox.com/s/f6vm98tclmzo75k/bn256_test_199.gif?dl=1
decode_319.gif,https://www.dropbox.com/s/btyn14cai68cnx2/decode_319.gif?dl=1
nodedb_test_301.gif,https://www.dropbox.com/s/9bskc28hcqix56j/nodedb_test_301.gif?dl=1
graphql_81.gif,https://www.dropbox.com/s/78l0wg9l69tc9zk/graphql_81.gif?dl=1
iterator_46.gif,https://www.dropbox.com/s/4pfplufwpnv3z61/iterator_46.gif?dl=1
bench_test_186.gif,https://www.dropbox.com/s/6emvqc2yooouu60/bench_test_186.gif?dl=1
keystore_test_118.gif,https://www.dropbox.com/s/sbeyo71qeimayzi/keystore_test_118.gif?dl=1
backend_94.gif,https://www.dropbox.com/s/gfqj51xpe646799/backend_94.gif?dl=1
access_list_tracer_35.gif,https://www.dropbox.com/s/6pxo4082hykssxk/access_list_tracer_35.gif?dl=1
flags_866.gif,https://www.dropbox.com/s/xkojymi0wv9fvgv/flags_866.gif?dl=1
bn256_test_238.gif,https://www.dropbox.com/s/wvo7znasq55e2go/bn256_test_238.gif?dl=1
peer_717.gif,https://www.dropbox.com/s/t2lv4iqqdwqws2y/peer_717.gif?dl=1
primitives_31.gif,https://www.dropbox.com/s/ni36h0j38zd4nyn/primitives_31.gif?dl=1
costtracker_383.gif,https://www.dropbox.com/s/qesricb7ikkwvdh/costtracker_383.gif?dl=1
suite_300.gif,https://www.dropbox.com/s/ljlnq95j8j7wr14/suite_300.gif?dl=1
accessors_chain_test_158.gif,https://www.dropbox.com/s/rrp0lfkgjoed4qt/accessors_chain_test_158.gif?dl=1
gen_sttransaction_16.gif,https://www.dropbox.com/s/t01yj9tmh8h4g8l/gen_sttransaction_16.gif?dl=1
types_184.gif,https://www.dropbox.com/s/ruuqf83qbkp3tez/types_184.gif?dl=1
stacktrie_41.gif,https://www.dropbox.com/s/zr9nwsv54to82m9/stacktrie_41.gif?dl=1
gauge_98.gif,https://www.dropbox.com/s/i7lztt63aub7tyr/gauge_98.gif?dl=1
instructions_test_342.gif,https://www.dropbox.com/s/ckvv1tyb9rqqbxp/instructions_test_342.gif?dl=1
inproc_288.gif,https://www.dropbox.com/s/4stl80u08na2o0m/inproc_288.gif?dl=1
suite_464.gif,https://www.dropbox.com/s/dyeb4t5n3jdgmnk/suite_464.gif?dl=1
snapshot_test_77.gif,https://www.dropbox.com/s/0yw519b83lpxkjh/snapshot_test_77.gif?dl=1
gfp12_94.gif,https://www.dropbox.com/s/indt62y8fqkw3iu/gfp12_94.gif?dl=1
state_object_131.gif,https://www.dropbox.com/s/v6ktfg4i7wpaxqd/state_object_131.gif?dl=1
handler_273.gif,https://www.dropbox.com/s/lngqfi1319jnv5n/handler_273.gif?dl=1
serverpool_test_40.gif,https://www.dropbox.com/s/0w1bvb94zwvl1ke/serverpool_test_40.gif?dl=1
instructions_test_381.gif,https://www.dropbox.com/s/uxbgquvddgcw4ui/instructions_test_381.gif?dl=1
wrsiterator_test_38.gif,https://www.dropbox.com/s/18pb7pz32ujh7qj/wrsiterator_test_38.gif?dl=1
client_test_249.gif,https://www.dropbox.com/s/inb7s6jh8yi4cyt/client_test_249.gif?dl=1
block_226.gif,https://www.dropbox.com/s/0b2lovbq5t0egs8/block_226.gif?dl=1
version_check_112.gif,https://www.dropbox.com/s/eat1yr94sodzrax/version_check_112.gif?dl=1
discv4tests_218.gif,https://www.dropbox.com/s/szfloqg6g4mpdsv/discv4tests_218.gif?dl=1
fp6_68.gif,https://www.dropbox.com/s/aneuj83xhkocpt4/fp6_68.gif?dl=1
disklayer_test_513.gif,https://www.dropbox.com/s/eh4jyhozu1dol0i/disklayer_test_513.gif?dl=1
messages-management_1107.gif,https://www.dropbox.com/s/1cvbviltbrgnvbf/messages-management_1107.gif?dl=1
gfp2_147.gif,https://www.dropbox.com/s/f926zu1zban4exs/gfp2_147.gif?dl=1
v4_udp_128.gif,https://www.dropbox.com/s/2pn46qykqvbzz08/v4_udp_128.gif?dl=1
blockchain_2088.gif,https://www.dropbox.com/s/uezf5xf17l2458o/blockchain_2088.gif?dl=1
dial_185.gif,https://www.dropbox.com/s/tglyi6gtqn38irs/dial_185.gif?dl=1
server_test_506.gif,https://www.dropbox.com/s/hkdqoian0ap6axz/server_test_506.gif?dl=1
archive_43.gif,https://www.dropbox.com/s/q6019g22gko192n/archive_43.gif?dl=1
bitutil_150.gif,https://www.dropbox.com/s/8ohvtumhv0mzar0/bitutil_150.gif?dl=1
contract_84.gif,https://www.dropbox.com/s/k1ucusf8dyelb5f/contract_84.gif?dl=1
ewma_test_154.gif,https://www.dropbox.com/s/6rk3d8ffa3uyxs5/ewma_test_154.gif?dl=1
localnode_139.gif,https://www.dropbox.com/s/x6z6bc61s2hxkw4/localnode_139.gif?dl=1
bindata_141.gif,https://www.dropbox.com/s/5jiaf9l1griex9x/bindata_141.gif?dl=1
memorydb_166.gif,https://www.dropbox.com/s/f8rheiwif592zfi/memorydb_166.gif?dl=1
tx_fetcher_test_229.gif,https://www.dropbox.com/s/399ma2b5tu55b86/tx_fetcher_test_229.gif?dl=1
rules_test_277.gif,https://www.dropbox.com/s/v8i2a5uiuc6vomg/rules_test_277.gif?dl=1
console_test_49.gif,https://www.dropbox.com/s/g01kheoytnwm70o/console_test_49.gif?dl=1
bench_test_225.gif,https://www.dropbox.com/s/8n2f7f1i4wuilzx/bench_test_225.gif?dl=1
compress_fuzz_26.gif,https://www.dropbox.com/s/rcrvc4zhorwa5bn/compress_fuzz_26.gif?dl=1
gfp6_173.gif,https://www.dropbox.com/s/ylaqgd5pjr2q8xn/gfp6_173.gif?dl=1
swu_20.gif,https://www.dropbox.com/s/rld93gcexlwlz9o/swu_20.gif?dl=1
messages-management_392.gif,https://www.dropbox.com/s/kcdzdmw2c2nfatl/messages-management_392.gif?dl=1
lexer_134.gif,https://www.dropbox.com/s/ir6dhzj9ay68nqw/lexer_134.gif?dl=1
runtime_test_49.gif,https://www.dropbox.com/s/bdixhll07zx9ixi/runtime_test_49.gif?dl=1
http_530.gif,https://www.dropbox.com/s/eapetfpodsbrnlu/http_530.gif?dl=1
encode_100.gif,https://www.dropbox.com/s/6bm3schhfiulmo2/encode_100.gif?dl=1
decode_864.gif,https://www.dropbox.com/s/bha63pxv2y9hi01/decode_864.gif?dl=1
jsre_69.gif,https://www.dropbox.com/s/oj0k1foz3agp8iz/jsre_69.gif?dl=1
gen_ed_15.gif,https://www.dropbox.com/s/6jw3b7ryrv1h4bo/gen_ed_15.gif?dl=1
bn256_test_78.gif,https://www.dropbox.com/s/o9p816bavh1hbos/bn256_test_78.gif?dl=1
meter_113.gif,https://www.dropbox.com/s/z94nnfbmvlxodwa/meter_113.gif?dl=1
ewma_19.gif,https://www.dropbox.com/s/jvzna0340j9rw6k/ewma_19.gif?dl=1
fetcher_test_149.gif,https://www.dropbox.com/s/az4cb8s9sp7dnsp/fetcher_test_149.gif?dl=1
instructions_test_579.gif,https://www.dropbox.com/s/vl4nx70tiqm8evr/instructions_test_579.gif?dl=1
memory_table_18.gif,https://www.dropbox.com/s/wzaysyumm8tbwck/memory_table_18.gif?dl=1
api_test_226.gif,https://www.dropbox.com/s/xnwbh2j4mu4jq2q/api_test_226.gif?dl=1
helpers_604.gif,https://www.dropbox.com/s/urxpg04qv0atyw7/helpers_604.gif?dl=1
utils_test_69.gif,https://www.dropbox.com/s/fhfpp74b45pr1uz/utils_test_69.gif?dl=1
nat_test_27.gif,https://www.dropbox.com/s/2z1ro2xvgcrnxxh/nat_test_27.gif?dl=1
console_154.gif,https://www.dropbox.com/s/lsn3unbc2mkjtdo/console_154.gif?dl=1
balance_test_341.gif,https://www.dropbox.com/s/6rgomr05sq1wtf6/balance_test_341.gif?dl=1
queue_72.gif,https://www.dropbox.com/s/9gjg3dl11csnmr6/queue_72.gif?dl=1
encoding_82.gif,https://www.dropbox.com/s/2ynmjfunubf452q/encoding_82.gif?dl=1
simulated_test_623.gif,https://www.dropbox.com/s/tfebrb54ak9rc7u/simulated_test_623.gif?dl=1
counter_test_4.gif,https://www.dropbox.com/s/42ayd7451qbarpi/counter_test_4.gif?dl=1
g2_test_57.gif,https://www.dropbox.com/s/g4rewjxqbk17ya1/g2_test_57.gif?dl=1
rlp_test_util_123.gif,https://www.dropbox.com/s/nmclqbptnxz7pwr/rlp_test_util_123.gif?dl=1
messages-common_669.gif,https://www.dropbox.com/s/iylr3nkpaxxz0lo/messages-common_669.gif?dl=1
blake2b_242.gif,https://www.dropbox.com/s/b5l4wtuv9cv47dy/blake2b_242.gif?dl=1
ethstats_510.gif,https://www.dropbox.com/s/qmgchmzrk47vy8v/ethstats_510.gif?dl=1
decode_520.gif,https://www.dropbox.com/s/oauo6bqy9kvozv2/decode_520.gif?dl=1
queue_395.gif,https://www.dropbox.com/s/nac9d0z1wd92sff/queue_395.gif?dl=1
iter_test_157.gif,https://www.dropbox.com/s/ahala4e9bepmarm/iter_test_157.gif?dl=1
statedb_test_744.gif,https://www.dropbox.com/s/oowh0rqbmysmu8p/statedb_test_744.gif?dl=1
gfp12_56.gif,https://www.dropbox.com/s/dehr5z1qds3tymb/gfp12_56.gif?dl=1
helpers_214.gif,https://www.dropbox.com/s/uvj7qb6hrgj7syj/helpers_214.gif?dl=1
watch_36.gif,https://www.dropbox.com/s/q5582od2x51tpab/watch_36.gif?dl=1
fp2_31.gif,https://www.dropbox.com/s/nyq64r6fnel43e9/fp2_31.gif?dl=1
dynamic_fee_tx_42.gif,https://www.dropbox.com/s/j13uwebqe8hrofb/dynamic_fee_tx_42.gif?dl=1
discv5tests_36.gif,https://www.dropbox.com/s/s88pzn50vmpwe4h/discv5tests_36.gif?dl=1
test_cmd_87.gif,https://www.dropbox.com/s/1qk5g1dufs3ymt0/test_cmd_87.gif?dl=1
expiredvalue_test_158.gif,https://www.dropbox.com/s/wnraiapsqch51ei/expiredvalue_test_158.gif?dl=1
transaction_signing_337.gif,https://www.dropbox.com/s/827k5f10uknsoqn/transaction_signing_337.gif?dl=1
registry_test_265.gif,https://www.dropbox.com/s/163upgs1mvexaaw/registry_test_265.gif?dl=1
network_test_762.gif,https://www.dropbox.com/s/vw3vy8unzvmrzdh/network_test_762.gif?dl=1
flags_1356.gif,https://www.dropbox.com/s/03h6jvwc1veme0q/flags_1356.gif?dl=1
gnosis_safe_36.gif,https://www.dropbox.com/s/3lc8mo2bgvkmfms/gnosis_safe_36.gif?dl=1
arithmetic_fallback_467.gif,https://www.dropbox.com/s/ewoh3ddn0239w0u/arithmetic_fallback_467.gif?dl=1
dial_test_410.gif,https://www.dropbox.com/s/v9xmuzsa4vvz2dw/dial_test_410.gif?dl=1
localnode_test_81.gif,https://www.dropbox.com/s/o7ai9qusip918cn/localnode_test_81.gif?dl=1
rlp_test_util_47.gif,https://www.dropbox.com/s/7fnhqe9i9hdf69i/rlp_test_util_47.gif?dl=1
connect_33.gif,https://www.dropbox.com/s/s7xwlwqtvvs33bi/connect_33.gif?dl=1
http_53.gif,https://www.dropbox.com/s/oqvi2gnhgtat0qy/http_53.gif?dl=1
prioritypool_433.gif,https://www.dropbox.com/s/s308ng87k6joigh/prioritypool_433.gif?dl=1
urlv4_39.gif,https://www.dropbox.com/s/x71yxiio81w907z/urlv4_39.gif?dl=1
tx_fetcher_test_1126.gif,https://www.dropbox.com/s/vs886q2hrd0ynj5/tx_fetcher_test_1126.gif?dl=1
messages-management_765.gif,https://www.dropbox.com/s/z0a2wtqt2rd0z5s/messages-management_765.gif?dl=1
peer_1317.gif,https://www.dropbox.com/s/qo6wtw5ecfu70ee/peer_1317.gif?dl=1
faucet_297.gif,https://www.dropbox.com/s/cri1az7y8fqf4si/faucet_297.gif?dl=1
encode_534.gif,https://www.dropbox.com/s/643wqesn27ccqmh/encode_534.gif?dl=1
g2_125.gif,https://www.dropbox.com/s/h74zxks2u2nmqcn/g2_125.gif?dl=1
blockchain_repair_test_252.gif,https://www.dropbox.com/s/bgmehof1z81tbqj/blockchain_repair_test_252.gif?dl=1
blockchain_627.gif,https://www.dropbox.com/s/d63rp1pgf7h267q/blockchain_627.gif?dl=1
fp6_138.gif,https://www.dropbox.com/s/yf7zvx4kdanbgoj/fp6_138.gif?dl=1
hashing_test_76.gif,https://www.dropbox.com/s/9zggvfgyfvxay24/hashing_test_76.gif?dl=1
trie_484.gif,https://www.dropbox.com/s/9i30p0aiy0kd8c2/trie_484.gif?dl=1
client_example_test_40.gif,https://www.dropbox.com/s/i2f1n89hlqw3lg6/client_example_test_40.gif?dl=1
difflayer_254.gif,https://www.dropbox.com/s/l18czc6gu2kzx62/difflayer_254.gif?dl=1
transport_53.gif,https://www.dropbox.com/s/l48pka0ukfqg7mf/transport_53.gif?dl=1
gfp_amd64_2.gif,https://www.dropbox.com/s/8vtwnnby9djbj5o/gfp_amd64_2.gif?dl=1
fp12_34.gif,https://www.dropbox.com/s/5xok5ff01pfunr9/fp12_34.gif?dl=1
gen_header_json_16.gif,https://www.dropbox.com/s/rp30yfbnt7d9rq2/gen_header_json_16.gif?dl=1
enr_test_148.gif,https://www.dropbox.com/s/umzchwfa22c5t9a/enr_test_148.gif?dl=1
state_object_511.gif,https://www.dropbox.com/s/7pgh6cmjmjkidfm/state_object_511.gif?dl=1
ecies_test_293.gif,https://www.dropbox.com/s/3av790j6174ygac/ecies_test_293.gif?dl=1
ci_1168.gif,https://www.dropbox.com/s/q2bsfwjf7mfp47d/ci_1168.gif?dl=1
trie_test_809.gif,https://www.dropbox.com/s/nbgklhke8pjq9u7/trie_test_809.gif?dl=1
argument_44.gif,https://www.dropbox.com/s/6u8ocvfc8dwhglc/argument_44.gif?dl=1
website_230.gif,https://www.dropbox.com/s/tdr3z6scfzoxojq/website_230.gif?dl=1
matcher_91.gif,https://www.dropbox.com/s/i3ql1zfx6itqa8k/matcher_91.gif?dl=1
peer_679.gif,https://www.dropbox.com/s/kh23x0vima92kjd/peer_679.gif?dl=1
eip1559_test_29.gif,https://www.dropbox.com/s/exlrmlq54bzswwt/eip1559_test_29.gif?dl=1
fp12_114.gif,https://www.dropbox.com/s/iux3dh308udcyym/fp12_114.gif?dl=1
arithmetic_fallback_506.gif,https://www.dropbox.com/s/o3sozxnl3wjy5oz/arithmetic_fallback_506.gif?dl=1
http_273.gif,https://www.dropbox.com/s/r51x002i6r9qaxi/http_273.gif?dl=1
messages-common_275.gif,https://www.dropbox.com/s/oom8q9iccv4iclu/messages-common_275.gif?dl=1
tx_fetcher_test_797.gif,https://www.dropbox.com/s/bm108nyk55rha4v/tx_fetcher_test_797.gif?dl=1
gen_genesis_account_17.gif,https://www.dropbox.com/s/xfgu3jt6knifhxi/gen_genesis_account_17.gif?dl=1
passphrase_331.gif,https://www.dropbox.com/s/k07fgihwi1gdpr3/passphrase_331.gif?dl=1
keystore_82.gif,https://www.dropbox.com/s/n0wou1q9ntymuyb/keystore_82.gif?dl=1
limiter_271.gif,https://www.dropbox.com/s/a4zwb0mseg4zv98/limiter_271.gif?dl=1
manager_65.gif,https://www.dropbox.com/s/zugqjkrllyzqda3/manager_65.gif?dl=1
hub_119.gif,https://www.dropbox.com/s/hg0t2juzxzh0iz5/hub_119.gif?dl=1
inproc_49.gif,https://www.dropbox.com/s/mnchmhnte9y9veb/inproc_49.gif?dl=1
discv4tests_177.gif,https://www.dropbox.com/s/ygcmmcuuuwy0jno/discv4tests_177.gif?dl=1
stacktrie_test_175.gif,https://www.dropbox.com/s/um8dcm61z1gfz8b/stacktrie_test_175.gif?dl=1
root_12.gif,https://www.dropbox.com/s/x4vbnz07lx997ir/root_12.gif?dl=1
lexer_61.gif,https://www.dropbox.com/s/e1e6rk6nfrepmro/lexer_61.gif?dl=1
v5_udp_test_156.gif,https://www.dropbox.com/s/xhg9lepkkeaxn1k/v5_udp_test_156.gif?dl=1
iterator_fast_230.gif,https://www.dropbox.com/s/pu41b07zjwg3ef4/iterator_fast_230.gif?dl=1
discv4tests_54.gif,https://www.dropbox.com/s/f8yluzwvaj15o65/discv4tests_54.gif?dl=1
mocker_102.gif,https://www.dropbox.com/s/nsdh4kmglqdjptz/mocker_102.gif?dl=1
transaction_test_408.gif,https://www.dropbox.com/s/6gb6h252x830j69/transaction_test_408.gif?dl=1
graphql_532.gif,https://www.dropbox.com/s/fa6cln64odweesa/graphql_532.gif?dl=1
sample_271.gif,https://www.dropbox.com/s/veuuvispq8rx6i3/sample_271.gif?dl=1
blockchain_snapshot_test_454.gif,https://www.dropbox.com/s/5ilbt709yj4qlrj/blockchain_snapshot_test_454.gif?dl=1
fp_test_1162.gif,https://www.dropbox.com/s/gxypttzl7j0o3bb/fp_test_1162.gif?dl=1
gauge_float64_13.gif,https://www.dropbox.com/s/x9dn0446dah04r1/gauge_float64_13.gif?dl=1
module_dashboard_643.gif,https://www.dropbox.com/s/ad2aqui7gcy9ob2/module_dashboard_643.gif?dl=1
archive_112.gif,https://www.dropbox.com/s/phmhbq3h8nhsv3g/archive_112.gif?dl=1
expiredvalue_105.gif,https://www.dropbox.com/s/dttrbcptzvgn36k/expiredvalue_105.gif?dl=1
ethash_59.gif,https://www.dropbox.com/s/8u5bhnlq1ooci0s/ethash_59.gif?dl=1
odr_requests_54.gif,https://www.dropbox.com/s/36r5bdkib21zajl/odr_requests_54.gif?dl=1
interpreter_69.gif,https://www.dropbox.com/s/hpwy4g6vcuv1dd6/interpreter_69.gif?dl=1
rlpx_161.gif,https://www.dropbox.com/s/0q62emuf77k9u9m/rlpx_161.gif?dl=1
messages-management_1322.gif,https://www.dropbox.com/s/0gb9zyb8ldkm5rs/messages-management_1322.gif?dl=1
counter_100.gif,https://www.dropbox.com/s/67yi9jkahbhf54i/counter_100.gif?dl=1
feed_test_66.gif,https://www.dropbox.com/s/jwjq7hgjfad6176/feed_test_66.gif?dl=1
entries_75.gif,https://www.dropbox.com/s/hrw3i0bteqzpnb7/entries_75.gif?dl=1
enr_68.gif,https://www.dropbox.com/s/9qu3s37iuurye5w/enr_68.gif?dl=1
ethstats_734.gif,https://www.dropbox.com/s/tm9gee8yt0yv8xz/ethstats_734.gif?dl=1
http_477.gif,https://www.dropbox.com/s/u4wy5vlxzoeu0p3/http_477.gif?dl=1
utils_32.gif,https://www.dropbox.com/s/f1yess64038jktm/utils_32.gif?dl=1
blockchain_2252.gif,https://www.dropbox.com/s/hj9j5aueck41x1r/blockchain_2252.gif?dl=1
bytes_test_23.gif,https://www.dropbox.com/s/s1behcmhmao5nxx/bytes_test_23.gif?dl=1
resetting_timer_test_107.gif,https://www.dropbox.com/s/3ww8s6m6m9eyf4g/resetting_timer_test_107.gif?dl=1
gfp_generic_5.gif,https://www.dropbox.com/s/301a16ft05ml8lp/gfp_generic_5.gif?dl=1
peer_85.gif,https://www.dropbox.com/s/7yyut6zuo9cjetn/peer_85.gif?dl=1
bitutil_test_68.gif,https://www.dropbox.com/s/z35om03ndqycaoo/bitutil_test_68.gif?dl=1
wallet_180.gif,https://www.dropbox.com/s/hct5a10p1h4662y/wallet_180.gif?dl=1
messages-management_955.gif,https://www.dropbox.com/s/zvggmu1lquz8250/messages-management_955.gif?dl=1
blockchain_repair_test_523.gif,https://www.dropbox.com/s/ulpjji7ojb2ps68/blockchain_repair_test_523.gif?dl=1
tx_pool_test_764.gif,https://www.dropbox.com/s/k5bij0jo4pm8kgi/tx_pool_test_764.gif?dl=1
bn256_40.gif,https://www.dropbox.com/s/49b181xq0ztu7xn/bn256_40.gif?dl=1
fp_test_1362.gif,https://www.dropbox.com/s/egyv7ha9l6dbjmr/fp_test_1362.gif?dl=1
messages-management_996.gif,https://www.dropbox.com/s/fmasjssqq4rdkkc/messages-management_996.gif?dl=1
handler_64.gif,https://www.dropbox.com/s/4kr6wslwddy2jvm/handler_64.gif?dl=1
writer_11.gif,https://www.dropbox.com/s/3n10ema3y0og8l6/writer_11.gif?dl=1
trie-fuzzer_78.gif,https://www.dropbox.com/s/gh5yqa5yxfyzqnp/trie-fuzzer_78.gif?dl=1
graphql_493.gif,https://www.dropbox.com/s/qcchvzu9zn0lmen/graphql_493.gif?dl=1
statesync_331.gif,https://www.dropbox.com/s/cj6yspm6v3vcvkl/statesync_331.gif?dl=1
resultstore_144.gif,https://www.dropbox.com/s/9qbwue6qdzjkd2l/resultstore_144.gif?dl=1
messages-management_1068.gif,https://www.dropbox.com/s/xesuv7fm76apbyr/messages-management_1068.gif?dl=1
bindata_199.gif,https://www.dropbox.com/s/h4n9fyyjjbcc1bt/bindata_199.gif?dl=1
blake2bAVX2_amd64_140.gif,https://www.dropbox.com/s/99d1p8a8jfsj96g/blake2bAVX2_amd64_140.gif?dl=1
encode_test_410.gif,https://www.dropbox.com/s/76vcmpiwx7inoir/encode_test_410.gif?dl=1
dbcmd_282.gif,https://www.dropbox.com/s/bq2ixhhdm0xml3k/dbcmd_282.gif?dl=1
registry_test_138.gif,https://www.dropbox.com/s/synk7hhwwcxkx6t/registry_test_138.gif?dl=1
collector_42.gif,https://www.dropbox.com/s/q8fxeupo6ynsnwz/collector_42.gif?dl=1
graphql_450.gif,https://www.dropbox.com/s/5mmeyy98f3uup8v/graphql_450.gif?dl=1
fetcher_194.gif,https://www.dropbox.com/s/c5va3lazgj1no99/fetcher_194.gif?dl=1
freezer_table_test_91.gif,https://www.dropbox.com/s/q744acovcdj082l/freezer_table_test_91.gif?dl=1
encode_325.gif,https://www.dropbox.com/s/lx9itc3txqkxbus/encode_325.gif?dl=1
field_element_123.gif,https://www.dropbox.com/s/ofkq5lwt87avm02/field_element_123.gif?dl=1
signed_data_845.gif,https://www.dropbox.com/s/e0dlfmkrdyux0yb/signed_data_845.gif?dl=1
v5_udp_613.gif,https://www.dropbox.com/s/uo385iawued366d/v5_udp_613.gif?dl=1
requestbasket_test_120.gif,https://www.dropbox.com/s/nes8lwf6enbv08b/requestbasket_test_120.gif?dl=1
handler_glog_92.gif,https://www.dropbox.com/s/tdk0fq2ru7dcdvt/handler_glog_92.gif?dl=1
hexutil_56.gif,https://www.dropbox.com/s/5kjco4jwzv7xykv/hexutil_56.gif?dl=1
fp6_271.gif,https://www.dropbox.com/s/8bnu62sbck6ofaw/fp6_271.gif?dl=1
tx_fetcher_test_1247.gif,https://www.dropbox.com/s/tz03bowd98zinwz/tx_fetcher_test_1247.gif?dl=1
dial_test_229.gif,https://www.dropbox.com/s/bxnhot6857o3s2w/dial_test_229.gif?dl=1
server_test_125.gif,https://www.dropbox.com/s/uw6bm0r94wj3mor/server_test_125.gif?dl=1
vyper_35.gif,https://www.dropbox.com/s/vpn59rs0d916te9/vyper_35.gif?dl=1
discover_55.gif,https://www.dropbox.com/s/noeu5u3krk9w24d/discover_55.gif?dl=1
http_test_534.gif,https://www.dropbox.com/s/8hrinh3didy8x1h/http_test_534.gif?dl=1
difflayer_test_318.gif,https://www.dropbox.com/s/ja8bkm9ygpzftgf/difflayer_test_318.gif?dl=1
prometheus_29.gif,https://www.dropbox.com/s/hjxyun8hgxo2tsx/prometheus_29.gif?dl=1
fp_23.gif,https://www.dropbox.com/s/y0zefppf9fsfxmo/fp_23.gif?dl=1
memory_71.gif,https://www.dropbox.com/s/gmyelq3mwx5ay2n/memory_71.gif?dl=1
committer_64.gif,https://www.dropbox.com/s/u0jg617mdeji3wy/committer_64.gif?dl=1
g2_69.gif,https://www.dropbox.com/s/1552ojy41ua96fg/g2_69.gif?dl=1
ewma_test_85.gif,https://www.dropbox.com/s/fd24xqy6xgo4r7s/ewma_test_85.gif?dl=1
bn256_fuzz_19.gif,https://www.dropbox.com/s/c2kwfjd36i7potq/bn256_fuzz_19.gif?dl=1
msgrate_286.gif,https://www.dropbox.com/s/o1izgrb3dt2b6g3/msgrate_286.gif?dl=1
postprocess_258.gif,https://www.dropbox.com/s/xg84au0cim8ixq1/postprocess_258.gif?dl=1
tree_153.gif,https://www.dropbox.com/s/pr4f92663wtc56b/tree_153.gif?dl=1
balance_453.gif,https://www.dropbox.com/s/4a4ga5ag7pmk37z/balance_453.gif?dl=1
v4_lookup_test_66.gif,https://www.dropbox.com/s/5qvanytgwpekd4d/v4_lookup_test_66.gif?dl=1
statesync_97.gif,https://www.dropbox.com/s/lyj8995xosx4r34/statesync_97.gif?dl=1
download_76.gif,https://www.dropbox.com/s/vf8ujdj0td0lotw/download_76.gif?dl=1
ci_200.gif,https://www.dropbox.com/s/g17jlr8rzb06h5u/ci_200.gif?dl=1
helpers_47.gif,https://www.dropbox.com/s/7hxjbn4ytnn771h/helpers_47.gif?dl=1
sample_312.gif,https://www.dropbox.com/s/xyae0rrbx93ixfy/sample_312.gif?dl=1
node_136.gif,https://www.dropbox.com/s/onqjxvpp0j1wnlb/node_136.gif?dl=1
msgrate_245.gif,https://www.dropbox.com/s/g40fzetog5v6pxv/msgrate_245.gif?dl=1
bls12381_fuzz_101.gif,https://www.dropbox.com/s/gdn10arkhnuglpl/bls12381_fuzz_101.gif?dl=1
blockchain_test_2017.gif,https://www.dropbox.com/s/w1u6vm3bkxjhy7u/blockchain_test_2017.gif?dl=1
encode_test_72.gif,https://www.dropbox.com/s/wh7llwtgigqs3p6/encode_test_72.gif?dl=1
peer_error_38.gif,https://www.dropbox.com/s/xz23johnkssst3a/peer_error_38.gif?dl=1
simulated_test_1177.gif,https://www.dropbox.com/s/yrzh9hg8rh4blhx/simulated_test_1177.gif?dl=1
decode_test_831.gif,https://www.dropbox.com/s/r1vcx2ubyszo39b/decode_test_831.gif?dl=1
bn256_304.gif,https://www.dropbox.com/s/22g4q1ccm32s9sv/bn256_304.gif?dl=1
downloader_567.gif,https://www.dropbox.com/s/l7o8p4slts10i0y/downloader_567.gif?dl=1
entries_121.gif,https://www.dropbox.com/s/m6lzn8jyq96kor7/entries_121.gif?dl=1
limiter_test_55.gif,https://www.dropbox.com/s/gn01zpnpxf8k3kv/limiter_test_55.gif?dl=1
field_element_240.gif,https://www.dropbox.com/s/cz9fbnhfnyvl4r3/field_element_240.gif?dl=1
msgrate_325.gif,https://www.dropbox.com/s/0lvxz1x1xs76gk9/msgrate_325.gif?dl=1
fetcher_test_224.gif,https://www.dropbox.com/s/1b9ab4deoxjaddm/fetcher_test_224.gif?dl=1
dial_test_360.gif,https://www.dropbox.com/s/4qmq624d50dp791/dial_test_360.gif?dl=1
ci_823.gif,https://www.dropbox.com/s/skjquqx134g2o1n/ci_823.gif?dl=1
exec_queue_test_20.gif,https://www.dropbox.com/s/m7mk36rqvn8b0b4/exec_queue_test_20.gif?dl=1
gfp2_20.gif,https://www.dropbox.com/s/vs8vq35kj8nzmgv/gfp2_20.gif?dl=1
fp_test_930.gif,https://www.dropbox.com/s/j25n4mj7z3urwrw/fp_test_930.gif?dl=1
url_test_22.gif,https://www.dropbox.com/s/z8vwisk3t71hpys/url_test_22.gif?dl=1
pretty_55.gif,https://www.dropbox.com/s/fsrwelzmaksi2hq/pretty_55.gif?dl=1
prioritypool_196.gif,https://www.dropbox.com/s/0d6zfhf2bwrn3cp/prioritypool_196.gif?dl=1
analysis_test_59.gif,https://www.dropbox.com/s/t1qtswl4lxmv4zb/analysis_test_59.gif?dl=1
ethclient_test_235.gif,https://www.dropbox.com/s/3qsng1ahx5lsni6/ethclient_test_235.gif?dl=1
instructions_test_416.gif,https://www.dropbox.com/s/aze0bkscra4y390/instructions_test_416.gif?dl=1
gen_difficultytest_15.gif,https://www.dropbox.com/s/nfmwtx8iu6k01js/gen_difficultytest_15.gif?dl=1
peerset_160.gif,https://www.dropbox.com/s/32kih8infwl877l/peerset_160.gif?dl=1
decode_729.gif,https://www.dropbox.com/s/qtticypemf824c5/decode_729.gif?dl=1
urlv4_157.gif,https://www.dropbox.com/s/9vv1bwtqnudj0be/urlv4_157.gif?dl=1
secure_trie_93.gif,https://www.dropbox.com/s/n66227grmuwetfx/secure_trie_93.gif?dl=1
snapshot_test_41.gif,https://www.dropbox.com/s/c70r9zgwuwhxnrw/snapshot_test_41.gif?dl=1
fp6_314.gif,https://www.dropbox.com/s/v8n359eotne886s/fp6_314.gif?dl=1
asm_82.gif,https://www.dropbox.com/s/vlmo66z4hrbopl8/asm_82.gif?dl=1
large_28.gif,https://www.dropbox.com/s/o2w2x619kkievqz/large_28.gif?dl=1
network_617.gif,https://www.dropbox.com/s/ayis0kho1o37dmj/network_617.gif?dl=1
fp_test_263.gif,https://www.dropbox.com/s/yvhzw9fozx8o98t/fp_test_263.gif?dl=1
disklayer_test_35.gif,https://www.dropbox.com/s/8l3r7pxkebnq44n/disklayer_test_35.gif?dl=1
field_element_287.gif,https://www.dropbox.com/s/avbrwu0zu99iyhs/field_element_287.gif?dl=1
sample_458.gif,https://www.dropbox.com/s/56o8lkw58y996ke/sample_458.gif?dl=1
trie-fuzzer_41.gif,https://www.dropbox.com/s/w9qzaucgew46vz3/trie-fuzzer_41.gif?dl=1
handler_test_382.gif,https://www.dropbox.com/s/nayor1io7eqv7o6/handler_test_382.gif?dl=1
optate_153.gif,https://www.dropbox.com/s/0i94jsgxxzwqszw/optate_153.gif?dl=1
enr_test_73.gif,https://www.dropbox.com/s/rq1df543jrdmcys/enr_test_73.gif?dl=1
freezer_table_330.gif,https://www.dropbox.com/s/7xojz4fcu5xaodx/freezer_table_330.gif?dl=1
network_1052.gif,https://www.dropbox.com/s/vakig9tdkdqxg8d/network_1052.gif?dl=1
blockchain_972.gif,https://www.dropbox.com/s/cdajcx2h9f12iiy/blockchain_972.gif?dl=1
peer_1271.gif,https://www.dropbox.com/s/qv80cncuixdh4p9/peer_1271.gif?dl=1
jump_table_137.gif,https://www.dropbox.com/s/kxc9158bceadupq/jump_table_137.gif?dl=1
bitutil_test_115.gif,https://www.dropbox.com/s/33083m5orkid0av/bitutil_test_115.gif?dl=1
keycmd_69.gif,https://www.dropbox.com/s/bq8xoq42u5jxb22/keycmd_69.gif?dl=1
pairing_182.gif,https://www.dropbox.com/s/ndrt8is3lpdxoe8/pairing_182.gif?dl=1
downloader_test_461.gif,https://www.dropbox.com/s/ly0polaid9sr0o1/downloader_test_461.gif?dl=1
wizard_netstats_32.gif,https://www.dropbox.com/s/fuu5zkhd0s5zttd/wizard_netstats_32.gif?dl=1
suite_526.gif,https://www.dropbox.com/s/3sealf161xtm8xk/suite_526.gif?dl=1
blake2b_test_269.gif,https://www.dropbox.com/s/tuo3syr6m5p0f4h/blake2b_test_269.gif?dl=1
nat_61.gif,https://www.dropbox.com/s/0eweesfr7sbu1vn/nat_61.gif?dl=1
statedb_test_149.gif,https://www.dropbox.com/s/t1gc9twsrkf7s72/statedb_test_149.gif?dl=1
helpers_357.gif,https://www.dropbox.com/s/153zxpouvvapc9i/helpers_357.gif?dl=1
compress_59.gif,https://www.dropbox.com/s/3orjenrsl6zl4a6/compress_59.gif?dl=1
blockchain_sethead_test_636.gif,https://www.dropbox.com/s/mr6pgv4w4s7ikbj/blockchain_sethead_test_636.gif?dl=1
signed_data_897.gif,https://www.dropbox.com/s/ggzych5osat2sko/signed_data_897.gif?dl=1
tree_341.gif,https://www.dropbox.com/s/4ato83thx5v8xm7/tree_341.gif?dl=1
graphql_656.gif,https://www.dropbox.com/s/yhfzox0v7son31w/graphql_656.gif?dl=1
unpack_35.gif,https://www.dropbox.com/s/4hvg7e2tk4vah8t/unpack_35.gif?dl=1
encode_137.gif,https://www.dropbox.com/s/dpp4ljkcf72abx4/encode_137.gif?dl=1
gfp_arm64_2.gif,https://www.dropbox.com/s/52ut7xeciw1vng0/gfp_arm64_2.gif?dl=1
keystore_227.gif,https://www.dropbox.com/s/n7b9r1lhzbr31jz/keystore_227.gif?dl=1
utesting_test_91.gif,https://www.dropbox.com/s/ghyiydsgx7jdgyn/utesting_test_91.gif?dl=1
simulation_32.gif,https://www.dropbox.com/s/b4wqgek7hjthqza/simulation_32.gif?dl=1
algorithm_99.gif,https://www.dropbox.com/s/48jq74odl1yrhvh/algorithm_99.gif?dl=1
clientpool-fuzzer_103.gif,https://www.dropbox.com/s/lrtgxzfiiesx3as/clientpool-fuzzer_103.gif?dl=1
fp_test_470.gif,https://www.dropbox.com/s/u6i4rx6mgop50la/fp_test_470.gif?dl=1
optate_191.gif,https://www.dropbox.com/s/y2j43mjmq84nk8j/optate_191.gif?dl=1
hasher_28.gif,https://www.dropbox.com/s/m38nefr5rswm0rr/hasher_28.gif?dl=1
handler_test_426.gif,https://www.dropbox.com/s/oqimx4pkmwizgwv/handler_test_426.gif?dl=1
decode_test_954.gif,https://www.dropbox.com/s/rsdjp5bq15xqdzn/decode_test_954.gif?dl=1
utesting_113.gif,https://www.dropbox.com/s/v1yt7wymripqa2i/utesting_113.gif?dl=1
download_116.gif,https://www.dropbox.com/s/jpap4rmzj7f7qom/download_116.gif?dl=1
blockchain_snapshot_test_532.gif,https://www.dropbox.com/s/2hxi4yy702moers/blockchain_snapshot_test_532.gif?dl=1
tx_fetcher_test_587.gif,https://www.dropbox.com/s/blqar5vywb46ydk/tx_fetcher_test_587.gif?dl=1
g1_29.gif,https://www.dropbox.com/s/5l8z46tubw7sg4e/g1_29.gif?dl=1
v4wire_208.gif,https://www.dropbox.com/s/r3551f08qm38qde/v4wire_208.gif?dl=1
statesync_296.gif,https://www.dropbox.com/s/934gs47sjwgytds/statesync_296.gif?dl=1
rlp_test_util_83.gif,https://www.dropbox.com/s/oos82tczefxuw6p/rlp_test_util_83.gif?dl=1
fp6_103.gif,https://www.dropbox.com/s/ve4saf3pod4w0cg/fp6_103.gif?dl=1
http_test_120.gif,https://www.dropbox.com/s/1cfjxrmyn1lvyas/http_test_120.gif?dl=1
signed_data_504.gif,https://www.dropbox.com/s/z1vfzf4ffmz26k2/signed_data_504.gif?dl=1
gfp6_96.gif,https://www.dropbox.com/s/yq3huj84vam43rn/gfp6_96.gif?dl=1
blockchain_807.gif,https://www.dropbox.com/s/ed8e1rglo2o3gae/blockchain_807.gif?dl=1
gen_structlog_16.gif,https://www.dropbox.com/s/nnky6yqevxfhsng/gen_structlog_16.gif?dl=1
servingqueue_198.gif,https://www.dropbox.com/s/xkgrdey9j6rycil/servingqueue_198.gif?dl=1
context_36.gif,https://www.dropbox.com/s/aik553wmj0gyl5i/context_36.gif?dl=1
gfp6_55.gif,https://www.dropbox.com/s/dfh55lir8t9ps1b/gfp6_55.gif?dl=1
nodedb_179.gif,https://www.dropbox.com/s/gyxqggk7tnp8qoc/nodedb_179.gif?dl=1
difflayer_290.gif,https://www.dropbox.com/s/7fewn79wk3vkcly/difflayer_290.gif?dl=1
debug_23.gif,https://www.dropbox.com/s/efe30hdm2in96eu/debug_23.gif?dl=1
serverpool_test_176.gif,https://www.dropbox.com/s/iaq3oodmqc8qfoi/serverpool_test_176.gif?dl=1
curve_250.gif,https://www.dropbox.com/s/fyo8ouwb4eny9gt/curve_250.gif?dl=1
net_test_208.gif,https://www.dropbox.com/s/71ioilq7xolsjoj/net_test_208.gif?dl=1
peer_1106.gif,https://www.dropbox.com/s/s7kxcxkhyr19u2m/peer_1106.gif?dl=1
network_428.gif,https://www.dropbox.com/s/yyyoxhwg2nvqsri/network_428.gif?dl=1
proof_test_265.gif,https://www.dropbox.com/s/7s5x03p91mcr60u/proof_test_265.gif?dl=1
consolecmd_114.gif,https://www.dropbox.com/s/rm8qqlan9n5s9vu/consolecmd_114.gif?dl=1
resetting_timer_134.gif,https://www.dropbox.com/s/olu45t704whnyp8/resetting_timer_134.gif?dl=1
wrsiterator_86.gif,https://www.dropbox.com/s/0qd4w4gbxw8zeet/wrsiterator_86.gif?dl=1
v4wire_168.gif,https://www.dropbox.com/s/f9dz2otl7ythur7/v4wire_168.gif?dl=1
chain_makers_123.gif,https://www.dropbox.com/s/8yji6k4yzdijfew/chain_makers_123.gif?dl=1
pairing_220.gif,https://www.dropbox.com/s/4xgxlqxd9pni62o/pairing_220.gif?dl=1
freezer_table_test_512.gif,https://www.dropbox.com/s/m9z9kqhenevm576/freezer_table_test_512.gif?dl=1
passphrase_241.gif,https://www.dropbox.com/s/bnzkxdud9874ocm/passphrase_241.gif?dl=1
downloader_test_97.gif,https://www.dropbox.com/s/sszepsih4lbb7lr/downloader_test_97.gif?dl=1
difflayer_test_280.gif,https://www.dropbox.com/s/mfqwjt9ibzv8fim/difflayer_test_280.gif?dl=1
blockchain_snapshot_test_646.gif,https://www.dropbox.com/s/xhrftzcl84e4hwk/blockchain_snapshot_test_646.gif?dl=1
secure_trie_53.gif,https://www.dropbox.com/s/g59h49xh2jvmohi/secure_trie_53.gif?dl=1
sample_test_14.gif,https://www.dropbox.com/s/ohnx1aekbelbfxk/sample_test_14.gif?dl=1
http_test_308.gif,https://www.dropbox.com/s/xjoyq0gkz9f9jw3/http_test_308.gif?dl=1
feed_test_170.gif,https://www.dropbox.com/s/6x9eyubftveey5z/feed_test_170.gif?dl=1
discv5cmd_81.gif,https://www.dropbox.com/s/8sarh1ntyor1k51/discv5cmd_81.gif?dl=1
timer_228.gif,https://www.dropbox.com/s/0clro7gc9wyo9uz/timer_228.gif?dl=1
iterator_fast_38.gif,https://www.dropbox.com/s/g1rbd9vupgbp340/iterator_fast_38.gif?dl=1
consensus_test_141.gif,https://www.dropbox.com/s/eqw17dzj1qgt1pi/consensus_test_141.gif?dl=1
pretty_110.gif,https://www.dropbox.com/s/gnfsb9k1x1bqdtm/pretty_110.gif?dl=1
state_object_474.gif,https://www.dropbox.com/s/w6df9nekhzvsqdu/state_object_474.gif?dl=1
dbcmd_327.gif,https://www.dropbox.com/s/kncauehd28mtzxp/dbcmd_327.gif?dl=1
module_ethstats_120.gif,https://www.dropbox.com/s/jg3xqwhvk3ii062/module_ethstats_120.gif?dl=1
blockchain_snapshot_test_493.gif,https://www.dropbox.com/s/d1np5gr7lj1ur4y/blockchain_snapshot_test_493.gif?dl=1
fourbyte_test_29.gif,https://www.dropbox.com/s/f2iqx2cysanymzr/fourbyte_test_29.gif?dl=1
crypto_134.gif,https://www.dropbox.com/s/0djvlvupahvkwca/crypto_134.gif?dl=1
field_element_test_203.gif,https://www.dropbox.com/s/begehpy0gylkp6n/field_element_test_203.gif?dl=1
msg_185.gif,https://www.dropbox.com/s/vuwujtk7qubfky2/msg_185.gif?dl=1
contracts_446.gif,https://www.dropbox.com/s/5ol4wehs9z49xtl/contracts_446.gif?dl=1
exec_queue_30.gif,https://www.dropbox.com/s/ztj51lgw662ea4s/exec_queue_30.gif?dl=1
signed_data_internal_test_86.gif,https://www.dropbox.com/s/o6q6wa7uv5lwfmy/signed_data_internal_test_86.gif?dl=1
accessors_state_25.gif,https://www.dropbox.com/s/uzr2yen42ppimho/accessors_state_25.gif?dl=1
statedb_test_360.gif,https://www.dropbox.com/s/m5ek0ddt4ucsl90/statedb_test_360.gif?dl=1
blake2b_f_fuzz_9.gif,https://www.dropbox.com/s/fkcjxufqlsy0k2q/blake2b_f_fuzz_9.gif?dl=1
freezer_table_test_466.gif,https://www.dropbox.com/s/84n9arzxd2kwh5o/freezer_table_test_466.gif?dl=1
compress_101.gif,https://www.dropbox.com/s/s4os2ntushu8dbc/compress_101.gif?dl=1
decode_662.gif,https://www.dropbox.com/s/6tifdlbhw3i471h/decode_662.gif?dl=1
clientpool_test_526.gif,https://www.dropbox.com/s/rv49jjis6o5utd2/clientpool_test_526.gif?dl=1
trie_prefetcher_217.gif,https://www.dropbox.com/s/k0rfe3q7fgzue8r/trie_prefetcher_217.gif?dl=1
fp_test_1006.gif,https://www.dropbox.com/s/mv3869r5eojlvby/fp_test_1006.gif?dl=1
wallet_227.gif,https://www.dropbox.com/s/paa6vgmbzacc1no/wallet_227.gif?dl=1
blockchain_sethead_test_153.gif,https://www.dropbox.com/s/nwqwqujwnat3mcp/blockchain_sethead_test_153.gif?dl=1
net_229.gif,https://www.dropbox.com/s/u3yg8i2racgtywx/net_229.gif?dl=1
4byte_147015.gif,https://www.dropbox.com/s/z1umz708u9zx1fe/4byte_147015.gif?dl=1
discv4cmd_156.gif,https://www.dropbox.com/s/7yuuarg6s4iwj32/discv4cmd_156.gif?dl=1
network_577.gif,https://www.dropbox.com/s/b1fmzrms42oddsh/network_577.gif?dl=1
tx_fetcher_test_962.gif,https://www.dropbox.com/s/pjv103gneamga92/tx_fetcher_test_962.gif?dl=1
nodedb_218.gif,https://www.dropbox.com/s/ktv3obeaawh3ybk/nodedb_218.gif?dl=1
chain_indexer_470.gif,https://www.dropbox.com/s/ozpoq7q6fcrhhbj/chain_indexer_470.gif?dl=1
balance_657.gif,https://www.dropbox.com/s/ry0qih76d8qnw88/balance_657.gif?dl=1
headerchain_502.gif,https://www.dropbox.com/s/jmpgv4hy73votvd/headerchain_502.gif?dl=1
messages-management_173.gif,https://www.dropbox.com/s/734bhpj99lg6l6g/messages-management_173.gif?dl=1
receipt_287.gif,https://www.dropbox.com/s/ywnzhel3b8g9z95/receipt_287.gif?dl=1
journal_82.gif,https://www.dropbox.com/s/agrhng15ue859ux/journal_82.gif?dl=1
fp_test_1239.gif,https://www.dropbox.com/s/axekx1drah0t0ew/fp_test_1239.gif?dl=1
sample_499.gif,https://www.dropbox.com/s/mqettom8lcfgujr/sample_499.gif?dl=1
queue_test_417.gif,https://www.dropbox.com/s/h6plr05sxv2fe1k/queue_test_417.gif?dl=1
method_test_99.gif,https://www.dropbox.com/s/wtm9oxvqyweah2p/method_test_99.gif?dl=1
state_object_267.gif,https://www.dropbox.com/s/5quzbf7pb0nf5ny/state_object_267.gif?dl=1
tx_fetcher_test_1081.gif,https://www.dropbox.com/s/akmmsnuz3615e5l/tx_fetcher_test_1081.gif?dl=1
dnscmd_122.gif,https://www.dropbox.com/s/nq5o7ygsjhfw1jm/dnscmd_122.gif?dl=1
peerset_200.gif,https://www.dropbox.com/s/uoxsf80guwsu38g/peerset_200.gif?dl=1
gauge_float64_test_4.gif,https://www.dropbox.com/s/lp567jl3b6pyy9s/gauge_float64_test_4.gif?dl=1
bitutil_63.gif,https://www.dropbox.com/s/m4tyx7ydgx5gc2g/bitutil_63.gif?dl=1
histogram_test_58.gif,https://www.dropbox.com/s/6l1b5ouo6agd66j/histogram_test_58.gif?dl=1
decode_test_69.gif,https://www.dropbox.com/s/t9u4uq1uxdvlmj2/decode_test_69.gif?dl=1
suite_134.gif,https://www.dropbox.com/s/ndtaqi8ror1nqr7/suite_134.gif?dl=1
filter_system_442.gif,https://www.dropbox.com/s/3dj1xlyiccvfcz0/filter_system_442.gif?dl=1
util_39.gif,https://www.dropbox.com/s/5v0dpfxoaykkum3/util_39.gif?dl=1
hub_242.gif,https://www.dropbox.com/s/vk5s2kb1q4q6iqo/hub_242.gif?dl=1
trie_prefetcher_test_70.gif,https://www.dropbox.com/s/wfq7ah9hmfexoy5/trie_prefetcher_test_70.gif?dl=1
disklayer_47.gif,https://www.dropbox.com/s/v2dkn567yv2596l/disklayer_47.gif?dl=1
event_58.gif,https://www.dropbox.com/s/emdplyrhmilt0wb/event_58.gif?dl=1
sample_test_245.gif,https://www.dropbox.com/s/0vsnxnnnj4ok6q8/sample_test_245.gif?dl=1
flags_1408.gif,https://www.dropbox.com/s/5i11k9xbobvp2w6/flags_1408.gif?dl=1
update-license_200.gif,https://www.dropbox.com/s/nmvv0fjmyyhzkrp/update-license_200.gif?dl=1
pairing_23.gif,https://www.dropbox.com/s/2d15sw132gtmpz6/pairing_23.gif?dl=1
disklayer_84.gif,https://www.dropbox.com/s/uquw7wxbot31d4q/disklayer_84.gif?dl=1
field_element_test_160.gif,https://www.dropbox.com/s/g42954i8wjkhy57/field_element_test_160.gif?dl=1
client_test_296.gif,https://www.dropbox.com/s/p2lixifs9q04kwl/client_test_296.gif?dl=1
v4wire_132.gif,https://www.dropbox.com/s/d888r9zwv34ackm/v4wire_132.gif?dl=1
decode_770.gif,https://www.dropbox.com/s/7y6uzmyviittnpm/decode_770.gif?dl=1
statedb_171.gif,https://www.dropbox.com/s/blwljwy453mh7mk/statedb_171.gif?dl=1
blockchain_snapshot_test_608.gif,https://www.dropbox.com/s/gs2bq8r38zigqmz/blockchain_snapshot_test_608.gif?dl=1
ping-pong_96.gif,https://www.dropbox.com/s/metm3kbji51un6l/ping-pong_96.gif?dl=1
utesting_229.gif,https://www.dropbox.com/s/g03x1aonjlh0keq/utesting_229.gif?dl=1
field_element_test_107.gif,https://www.dropbox.com/s/5b2z22c1t94sum9/field_element_test_107.gif?dl=1
g1_test_175.gif,https://www.dropbox.com/s/2yshtu2dmg95a9x/g1_test_175.gif?dl=1
sstack_44.gif,https://www.dropbox.com/s/hy4pm6ahiwnynpj/sstack_44.gif?dl=1
v4_udp_test_234.gif,https://www.dropbox.com/s/2sf262cfb72htb8/v4_udp_test_234.gif?dl=1
tx_fetcher_test_642.gif,https://www.dropbox.com/s/j0rp2lw3tydy6nc/tx_fetcher_test_642.gif?dl=1
database_256.gif,https://www.dropbox.com/s/qc8c2qdmahf6vec/database_256.gif?dl=1
presale_103.gif,https://www.dropbox.com/s/8lgqy1w693wsp05/presale_103.gif?dl=1
rlp_test_141.gif,https://www.dropbox.com/s/q9fbx6hu28bwbdd/rlp_test_141.gif?dl=1
field_element_85.gif,https://www.dropbox.com/s/4g6kr5efftf8xjt/field_element_85.gif?dl=1
network_71.gif,https://www.dropbox.com/s/ppjku9bdpvnruvm/network_71.gif?dl=1
decode_test_32.gif,https://www.dropbox.com/s/0hz7dqhi6mdw7df/decode_test_32.gif?dl=1
net_30.gif,https://www.dropbox.com/s/rdz5okephnp1ka2/net_30.gif?dl=1
receipt_237.gif,https://www.dropbox.com/s/c1bchdgblndk4dr/receipt_237.gif?dl=1
signed_data_399.gif,https://www.dropbox.com/s/sku8rutwjg6i3d7/signed_data_399.gif?dl=1
disklayer_test_434.gif,https://www.dropbox.com/s/1j0yd8b57443fra/disklayer_test_434.gif?dl=1
analysis_80.gif,https://www.dropbox.com/s/t4hnis35smsk72v/analysis_80.gif?dl=1
error_test_27.gif,https://www.dropbox.com/s/stg3vs3441uphuv/error_test_27.gif?dl=1
dnscmd_192.gif,https://www.dropbox.com/s/vcmymdyji2mjtq9/dnscmd_192.gif?dl=1
module_explorer_137.gif,https://www.dropbox.com/s/6c0c0aa4wa4scnp/module_explorer_137.gif?dl=1
iterator_fast_291.gif,https://www.dropbox.com/s/1s98hu3trsv5tki/iterator_fast_291.gif?dl=1
bn256_test_123.gif,https://www.dropbox.com/s/v19gacjl0cwxvdp/bn256_test_123.gif?dl=1
big_test_63.gif,https://www.dropbox.com/s/x6dnekk4nr6pdzq/big_test_63.gif?dl=1
secure_trie_test_29.gif,https://www.dropbox.com/s/i0u2whziecbudf1/secure_trie_test_29.gif?dl=1
freezer_table_test_366.gif,https://www.dropbox.com/s/uanjlm3asblo519/freezer_table_test_366.gif?dl=1
fp2_147.gif,https://www.dropbox.com/s/mw87x9t5a3xwwq9/fp2_147.gif?dl=1
block_fetcher_833.gif,https://www.dropbox.com/s/vvt1vvlsv0fj6j9/block_fetcher_833.gif?dl=1
assets_27.gif,https://www.dropbox.com/s/35v0a95i2fnircs/assets_27.gif?dl=1
chain_makers_52.gif,https://www.dropbox.com/s/5v3azg29n0xb246/chain_makers_52.gif?dl=1
difficulty-fuzz_35.gif,https://www.dropbox.com/s/rsgrvcod9gouu3p/difficulty-fuzz_35.gif?dl=1
rules_test_581.gif,https://www.dropbox.com/s/g9aev720p3yjzn6/rules_test_581.gif?dl=1
crypto_218.gif,https://www.dropbox.com/s/qxnise5ehox24jm/crypto_218.gif?dl=1
trie_prefetcher_265.gif,https://www.dropbox.com/s/6eyk2zw1o1qskwh/trie_prefetcher_265.gif?dl=1
http_test_226.gif,https://www.dropbox.com/s/0fz5prrgn3jvx00/http_test_226.gif?dl=1
txrelay_79.gif,https://www.dropbox.com/s/242of1t91b24hr6/txrelay_79.gif?dl=1
simclock_172.gif,https://www.dropbox.com/s/qmuz8rz9slyldvh/simclock_172.gif?dl=1
http_576.gif,https://www.dropbox.com/s/y36xxtxibzeunz7/http_576.gif?dl=1
update-license_312.gif,https://www.dropbox.com/s/nis2wcuu6fq3iwe/update-license_312.gif?dl=1
arithmetic_decl_25.gif,https://www.dropbox.com/s/139a7uumrbbr3r2/arithmetic_decl_25.gif?dl=1
blake2b_test_219.gif,https://www.dropbox.com/s/n1ubdr82e15daqz/blake2b_test_219.gif?dl=1
wallet_268.gif,https://www.dropbox.com/s/04nmb3g031gzn98/wallet_268.gif?dl=1
network_263.gif,https://www.dropbox.com/s/h7zljr8saffn4u2/network_263.gif?dl=1
downloader_test_175.gif,https://www.dropbox.com/s/grhrod273bzcyqk/downloader_test_175.gif?dl=1
fourbyte_40.gif,https://www.dropbox.com/s/zrbnj1wdobmqkff/fourbyte_40.gif?dl=1
typecache_124.gif,https://www.dropbox.com/s/pbxfeh2l892ckx6/typecache_124.gif?dl=1
tracer_249.gif,https://www.dropbox.com/s/vtsi460yvkn44lf/tracer_249.gif?dl=1
encode_422.gif,https://www.dropbox.com/s/w263vqvb41ssf2w/encode_422.gif?dl=1
wizard_310.gif,https://www.dropbox.com/s/lr71c3sjej0g6km/wizard_310.gif?dl=1
chain_test_30.gif,https://www.dropbox.com/s/r6pskqa1sex49ll/chain_test_30.gif?dl=1
rpcstack_117.gif,https://www.dropbox.com/s/gu4mjdorpp8mfl6/rpcstack_117.gif?dl=1
queue_339.gif,https://www.dropbox.com/s/cd0612blcjcrvw4/queue_339.gif?dl=1
chain_42.gif,https://www.dropbox.com/s/huepoloy3mixhzr/chain_42.gif?dl=1
rlpx_test_369.gif,https://www.dropbox.com/s/isn1ilhevnm4723/rlpx_test_369.gif?dl=1
jsre_105.gif,https://www.dropbox.com/s/31sv1svz4gxqz9z/jsre_105.gif?dl=1
signature_test_118.gif,https://www.dropbox.com/s/06zp7wm8bmdabgm/signature_test_118.gif?dl=1
pgp_34.gif,https://www.dropbox.com/s/8du5h7ibrk3e948/pgp_34.gif?dl=1
accessors_chain_795.gif,https://www.dropbox.com/s/odbc6a5fhb0i7bt/accessors_chain_795.gif?dl=1
rangeproof-fuzzer_93.gif,https://www.dropbox.com/s/ejp37re6bbcuhi5/rangeproof-fuzzer_93.gif?dl=1
g2_test_140.gif,https://www.dropbox.com/s/4my6vnj5pihxtza/g2_test_140.gif?dl=1
nodedb_134.gif,https://www.dropbox.com/s/r1muvqou7005e8r/nodedb_134.gif?dl=1
v5_udp_test_280.gif,https://www.dropbox.com/s/kj578ca2jxafc3p/v5_udp_test_280.gif?dl=1
fp_test_1115.gif,https://www.dropbox.com/s/9iupno7qc8uqa5n/fp_test_1115.gif?dl=1
solidity_test_35.gif,https://www.dropbox.com/s/03hbggngmub1rm4/solidity_test_35.gif?dl=1
gen_config_18.gif,https://www.dropbox.com/s/sxzzlpmisse3kb1/gen_config_18.gif?dl=1
customflags_37.gif,https://www.dropbox.com/s/ncrjtistawic8t8/customflags_37.gif?dl=1
mkalloc_45.gif,https://www.dropbox.com/s/pgw1bqfb8qlbxbb/mkalloc_45.gif?dl=1
encode_52.gif,https://www.dropbox.com/s/em3k03dnfpcaaho/encode_52.gif?dl=1
histogram_62.gif,https://www.dropbox.com/s/s3zkgbbiqf9dbkp/histogram_62.gif?dl=1
ssh_189.gif,https://www.dropbox.com/s/7ky3g685g7s4zhf/ssh_189.gif?dl=1
difficulty_test_40.gif,https://www.dropbox.com/s/jgqkmxckfe7h3oh/difficulty_test_40.gif?dl=1
iterator_fast_119.gif,https://www.dropbox.com/s/p8x1igk4txr6fd0/iterator_fast_119.gif?dl=1
messages-management_1427.gif,https://www.dropbox.com/s/rgt4yl4ev1tqda8/messages-management_1427.gif?dl=1
type_test_118.gif,https://www.dropbox.com/s/8chmwpgluog19qq/type_test_118.gif?dl=1
blockchain_1089.gif,https://www.dropbox.com/s/1wzype8l8gqx4c8/blockchain_1089.gif?dl=1
expiredvalue_test_24.gif,https://www.dropbox.com/s/ujc2s19mtuq8zqx/expiredvalue_test_24.gif?dl=1
plain_test_33.gif,https://www.dropbox.com/s/tprl0ayr7vn901u/plain_test_33.gif?dl=1
statedb_827.gif,https://www.dropbox.com/s/a8fuugfnhl4y8qr/statedb_827.gif?dl=1
decode_217.gif,https://www.dropbox.com/s/40it9unhd79xfaw/decode_217.gif?dl=1
statedb_364.gif,https://www.dropbox.com/s/g5onpgwk026j2il/statedb_364.gif?dl=1
misccmd_105.gif,https://www.dropbox.com/s/z1kfifa0dlrl4p6/misccmd_105.gif?dl=1
encode_583.gif,https://www.dropbox.com/s/vbha1l12l8oqe50/encode_583.gif?dl=1
assets_340.gif,https://www.dropbox.com/s/av3qr7s5arn87o6/assets_340.gif?dl=1
bloom_75.gif,https://www.dropbox.com/s/om7jhvc35pnloc1/bloom_75.gif?dl=1
http_test_184.gif,https://www.dropbox.com/s/wpa0vhfdb51ygg7/http_test_184.gif?dl=1
timer_265.gif,https://www.dropbox.com/s/w27h3d5ktqdmvsj/timer_265.gif?dl=1
solidity_60.gif,https://www.dropbox.com/s/599fqkwidbpc56k/solidity_60.gif?dl=1
ecies_266.gif,https://www.dropbox.com/s/mo2hcdevwl4ionv/ecies_266.gif?dl=1
connect_84.gif,https://www.dropbox.com/s/b5c5zt1510d8pmx/connect_84.gif?dl=1
http_170.gif,https://www.dropbox.com/s/xns37fbmeknawn7/http_170.gif?dl=1
blake2b_207.gif,https://www.dropbox.com/s/g8drkypa2dhkdvc/blake2b_207.gif?dl=1
trie_prefetcher_110.gif,https://www.dropbox.com/s/2ho9zhau4mb74ni/trie_prefetcher_110.gif?dl=1
queue_test_261.gif,https://www.dropbox.com/s/t325xbnwkmyit2h/queue_test_261.gif?dl=1
collector_test_10.gif,https://www.dropbox.com/s/4eesr5lawvwxfty/collector_test_10.gif?dl=1
servingqueue_71.gif,https://www.dropbox.com/s/u1i33kb6olu5w9e/servingqueue_71.gif?dl=1
registry_test_173.gif,https://www.dropbox.com/s/q3xkuev26qwzlf3/registry_test_173.gif?dl=1
iter_202.gif,https://www.dropbox.com/s/9yj07j5uetdlkjl/iter_202.gif?dl=1
decode_411.gif,https://www.dropbox.com/s/ntkgcqvec4bfwxd/decode_411.gif?dl=1
protocol_175.gif,https://www.dropbox.com/s/iks235fehc54js0/protocol_175.gif?dl=1
pairing_133.gif,https://www.dropbox.com/s/z4sb2nn6qbzk99t/pairing_133.gif?dl=1
hasher_67.gif,https://www.dropbox.com/s/q1gjs7udb4m9wg9/hasher_67.gif?dl=1
nodeset_51.gif,https://www.dropbox.com/s/55xjceyjsv1k5aq/nodeset_51.gif?dl=1
passphrase_185.gif,https://www.dropbox.com/s/bzs0q3uggi12fll/passphrase_185.gif?dl=1
http_test_755.gif,https://www.dropbox.com/s/o801pi7l200awyg/http_test_755.gif?dl=1
nodedb_254.gif,https://www.dropbox.com/s/rwmgrbnj7sz9dl7/nodedb_254.gif?dl=1
blake2bAVX2_amd64_447.gif,https://www.dropbox.com/s/79hntxix3lep1zk/blake2bAVX2_amd64_447.gif?dl=1
feed_test_277.gif,https://www.dropbox.com/s/y4x1dawy59nmet2/feed_test_277.gif?dl=1
les-fuzzer_229.gif,https://www.dropbox.com/s/3d853o84gh1x39w/les-fuzzer_229.gif?dl=1
tx_fetcher_test_709.gif,https://www.dropbox.com/s/l5mxck9pmq6hizi/tx_fetcher_test_709.gif?dl=1
asm_test_25.gif,https://www.dropbox.com/s/71yagmrsze6y7z6/asm_test_25.gif?dl=1
gen_ed_50.gif,https://www.dropbox.com/s/0hysvrutcekutfq/gen_ed_50.gif?dl=1
encode_178.gif,https://www.dropbox.com/s/l3x2rpi0a98emvh/encode_178.gif?dl=1
distributor_124.gif,https://www.dropbox.com/s/wteo7h3hsoxhg40/distributor_124.gif?dl=1
sync_test_400.gif,https://www.dropbox.com/s/gneju22saxbt8qn/sync_test_400.gif?dl=1
database_42.gif,https://www.dropbox.com/s/91518lvllqenvag/database_42.gif?dl=1
net_271.gif,https://www.dropbox.com/s/76lu816o8vyxnum/net_271.gif?dl=1
defaults_57.gif,https://www.dropbox.com/s/18pq3rd1yc4v3bt/defaults_57.gif?dl=1
example_feed_test_24.gif,https://www.dropbox.com/s/6mx6xoeknrwnq0s/example_feed_test_24.gif?dl=1
http_test_595.gif,https://www.dropbox.com/s/pd1rnkx3riavoze/http_test_595.gif?dl=1
stacktrie_374.gif,https://www.dropbox.com/s/cx0qcsxmt4wb328/stacktrie_374.gif?dl=1
iterator_test_27.gif,https://www.dropbox.com/s/srtgdvf4l51sasy/iterator_test_27.gif?dl=1
bn256_207.gif,https://www.dropbox.com/s/h5bnjtox0h0wp9i/bn256_207.gif?dl=1
reflect_37.gif,https://www.dropbox.com/s/wmz6oi5jjo6vp3k/reflect_37.gif?dl=1
example_scope_test_79.gif,https://www.dropbox.com/s/8prndyj55t7d0ry/example_scope_test_79.gif?dl=1
sample_test_195.gif,https://www.dropbox.com/s/0faw1tpszl3s24w/sample_test_195.gif?dl=1
contract_133.gif,https://www.dropbox.com/s/4sfslnf83osweqi/contract_133.gif?dl=1
key_93.gif,https://www.dropbox.com/s/m11a9ko2ox722v5/key_93.gif?dl=1
les-fuzzer_189.gif,https://www.dropbox.com/s/izhxy3t8x1fuycd/les-fuzzer_189.gif?dl=1
blockchain_sethead_test_533.gif,https://www.dropbox.com/s/ry916k9icnz7y92/blockchain_sethead_test_533.gif?dl=1
registry_test_96.gif,https://www.dropbox.com/s/vq1aw69as7nhbcb/registry_test_96.gif?dl=1
leveldb_455.gif,https://www.dropbox.com/s/yu22yekorkz7x68/leveldb_455.gif?dl=1
receipt_test_163.gif,https://www.dropbox.com/s/yngz1ysnxft45aw/receipt_test_163.gif?dl=1
queueiterator_77.gif,https://www.dropbox.com/s/qainb5753tzlrg1/queueiterator_77.gif?dl=1
table_util_test_110.gif,https://www.dropbox.com/s/3qw1jcp8ku4ompz/table_util_test_110.gif?dl=1
gen_receipt_json_16.gif,https://www.dropbox.com/s/ehzpc0yt0m29xan/gen_receipt_json_16.gif?dl=1
v4_udp_test_550.gif,https://www.dropbox.com/s/6t551fgli7ubbzn/v4_udp_test_550.gif?dl=1
transaction_116.gif,https://www.dropbox.com/s/x1dvwghnaoerb27/transaction_116.gif?dl=1
websocket_test_80.gif,https://www.dropbox.com/s/qcfw6jxoh7o28zj/websocket_test_80.gif?dl=1
blake2bAVX2_amd64_532.gif,https://www.dropbox.com/s/0y01k6t7vriv5or/blake2bAVX2_amd64_532.gif?dl=1
memorydb_86.gif,https://www.dropbox.com/s/nan9wjobli89w63/memorydb_86.gif?dl=1
instructions_test_307.gif,https://www.dropbox.com/s/hmhn56tp9jv8wtr/instructions_test_307.gif?dl=1
crypto_test_94.gif,https://www.dropbox.com/s/rc12ub9sa8ygvbr/crypto_test_94.gif?dl=1
integer_44.gif,https://www.dropbox.com/s/9xnirw3r60oexhn/integer_44.gif?dl=1
iter_159.gif,https://www.dropbox.com/s/bwt6an5tajfa0wy/iter_159.gif?dl=1
primitives_66.gif,https://www.dropbox.com/s/iacpbuebxp9yyd1/primitives_66.gif?dl=1
prque_29.gif,https://www.dropbox.com/s/qe1vmguc1qz3c4j/prque_29.gif?dl=1
server_test_90.gif,https://www.dropbox.com/s/0cm62etz17xl7i2/server_test_90.gif?dl=1
raw_107.gif,https://www.dropbox.com/s/wr8fyhfed1e3ors/raw_107.gif?dl=1
iter_70.gif,https://www.dropbox.com/s/waue8eutlvyg5qb/iter_70.gif?dl=1
state_object_35.gif,https://www.dropbox.com/s/9d29v63aacljbmm/state_object_35.gif?dl=1
decode_951.gif,https://www.dropbox.com/s/kqfc1cfbdmlku1f/decode_951.gif?dl=1
distributor_test_93.gif,https://www.dropbox.com/s/tut1fmfeky5ywcp/distributor_test_93.gif?dl=1
disklayer_test_220.gif,https://www.dropbox.com/s/modobj1kn0ork8l/disklayer_test_220.gif?dl=1
contracts_test_93.gif,https://www.dropbox.com/s/yhe6m81qexpqml5/contracts_test_93.gif?dl=1
http_test_817.gif,https://www.dropbox.com/s/67ujfkqlcv87a90/http_test_817.gif?dl=1
balance_test_261.gif,https://www.dropbox.com/s/e23f0vy5u92d5oz/balance_test_261.gif?dl=1
runtime_147.gif,https://www.dropbox.com/s/heokh2bs6hzknmh/runtime_147.gif?dl=1
modes_31.gif,https://www.dropbox.com/s/r2z928pa7ir8g6j/modes_31.gif?dl=1
handler_test_530.gif,https://www.dropbox.com/s/boi3k8j75negxzk/handler_test_530.gif?dl=1
network_test_288.gif,https://www.dropbox.com/s/06g0yjzdgu1r19h/network_test_288.gif?dl=1
prompter_81.gif,https://www.dropbox.com/s/vmpt0wr9pn7e77z/prompter_81.gif?dl=1
blockchain_sethead_test_480.gif,https://www.dropbox.com/s/ysz2joqd2rd1t31/blockchain_sethead_test_480.gif?dl=1
v4_udp_test_144.gif,https://www.dropbox.com/s/euzpqvrxi5w3b52/v4_udp_test_144.gif?dl=1
stacktrie_test_105.gif,https://www.dropbox.com/s/qjo63vym01td9xt/stacktrie_test_105.gif?dl=1
control_258.gif,https://www.dropbox.com/s/lvtn145hpynj02o/control_258.gif?dl=1
client_test_156.gif,https://www.dropbox.com/s/ug7m63bnbao1jsh/client_test_156.gif?dl=1
enr_test_111.gif,https://www.dropbox.com/s/cgxu7ln86ux023n/enr_test_111.gif?dl=1
gfp_generic_112.gif,https://www.dropbox.com/s/geknadjgzgixqpo/gfp_generic_112.gif?dl=1
secp256_test_62.gif,https://www.dropbox.com/s/tyaufn8cm3jdqik/secp256_test_62.gif?dl=1
hexutil_138.gif,https://www.dropbox.com/s/nxoyxu35erhm2vw/hexutil_138.gif?dl=1
timer_116.gif,https://www.dropbox.com/s/etzc5b6unen33va/timer_116.gif?dl=1
fp_test_823.gif,https://www.dropbox.com/s/h2tg8rgcui7mmjc/fp_test_823.gif?dl=1
pairing_test_120.gif,https://www.dropbox.com/s/7qjgspsi7fp0saq/pairing_test_120.gif?dl=1
fdlimit_unix_26.gif,https://www.dropbox.com/s/v42m3b5n7ufgzyq/fdlimit_unix_26.gif?dl=1
worker_240.gif,https://www.dropbox.com/s/ykptck2f253b3fd/worker_240.gif?dl=1
gt_31.gif,https://www.dropbox.com/s/nnaz7xri7x57k4b/gt_31.gif?dl=1
fp2_182.gif,https://www.dropbox.com/s/be4qgtwtczmz1eb/fp2_182.gif?dl=1
opcodes_390.gif,https://www.dropbox.com/s/7pmbh5kv9g1tbtb/opcodes_390.gif?dl=1
transaction_marshalling_101.gif,https://www.dropbox.com/s/di5jd3wwfm199d1/transaction_marshalling_101.gif?dl=1
fp12_165.gif,https://www.dropbox.com/s/7xtswcfyeee7460/fp12_165.gif?dl=1
messages-management_462.gif,https://www.dropbox.com/s/shdaib94bbdmfr3/messages-management_462.gif?dl=1
blake2x_49.gif,https://www.dropbox.com/s/bzypeo695zl78bj/blake2x_49.gif?dl=1
registry_test_6.gif,https://www.dropbox.com/s/yh9lwlffhaoa0zg/registry_test_6.gif?dl=1
graphql_153.gif,https://www.dropbox.com/s/1xezgprr3xwgir2/graphql_153.gif?dl=1
dial_test_500.gif,https://www.dropbox.com/s/kbhp3o8jeevb5zd/dial_test_500.gif?dl=1
simulation_92.gif,https://www.dropbox.com/s/ddij86m4nhwpl7q/simulation_92.gif?dl=1
range_34.gif,https://www.dropbox.com/s/judydnicfzwrcpg/range_34.gif?dl=1
tx_pool_test_313.gif,https://www.dropbox.com/s/5p1fxfy56pu1qiz/tx_pool_test_313.gif?dl=1
fp_test_188.gif,https://www.dropbox.com/s/wv9yo7gnmhwtusu/fp_test_188.gif?dl=1
resetting_timer_test_7.gif,https://www.dropbox.com/s/qosuzro82j1u8n8/resetting_timer_test_7.gif?dl=1
fp_test_361.gif,https://www.dropbox.com/s/e94jkx680ls1ts3/fp_test_361.gif?dl=1
blockchain_repair_test_342.gif,https://www.dropbox.com/s/xjq6305gmrf7gvg/blockchain_repair_test_342.gif?dl=1
tx_list_167.gif,https://www.dropbox.com/s/j8ptr63ins2lihf/tx_list_167.gif?dl=1
decode_367.gif,https://www.dropbox.com/s/d7wwrpdto138ppw/decode_367.gif?dl=1
balance_test_300.gif,https://www.dropbox.com/s/gwixfil9yzoj2z7/balance_test_300.gif?dl=1
enrcmd_129.gif,https://www.dropbox.com/s/k7a19njzvze3gbr/enrcmd_129.gif?dl=1
expiredvalue_202.gif,https://www.dropbox.com/s/bn6d6fj5m61cg7n/expiredvalue_202.gif?dl=1
sample_348.gif,https://www.dropbox.com/s/xviv1cf02zmbwix/sample_348.gif?dl=1
ecies_test_142.gif,https://www.dropbox.com/s/ax015740gl5uo76/ecies_test_142.gif?dl=1
statedb_test_249.gif,https://www.dropbox.com/s/uhi7u49ooknww2g/statedb_test_249.gif?dl=1
freezer_table_test_759.gif,https://www.dropbox.com/s/ke0b9qttpdyfyw9/freezer_table_test_759.gif?dl=1
runtime_56.gif,https://www.dropbox.com/s/02sq461h27mcumx/runtime_56.gif?dl=1
journal_215.gif,https://www.dropbox.com/s/dqb1wmhgpu026hg/journal_215.gif?dl=1
nodedb_test_32.gif,https://www.dropbox.com/s/kyulbbmxvvdhbxd/nodedb_test_32.gif?dl=1
field_element_41.gif,https://www.dropbox.com/s/c7qnvyx57rsbo69/field_element_41.gif?dl=1
trie_345.gif,https://www.dropbox.com/s/ujyoyo8h50yuzrn/trie_345.gif?dl=1
v5_udp_258.gif,https://www.dropbox.com/s/df1j75r7xs3b5fa/v5_udp_258.gif?dl=1
pairing_94.gif,https://www.dropbox.com/s/wl59zn7caq7a6rx/pairing_94.gif?dl=1
memorydb_244.gif,https://www.dropbox.com/s/yzeb6cj8vswn1t1/memorydb_244.gif?dl=1
localnode_233.gif,https://www.dropbox.com/s/6z98rcjtkkm7rgw/localnode_233.gif?dl=1
rpcstack_test_162.gif,https://www.dropbox.com/s/kbk380cl58oy609/rpcstack_test_162.gif?dl=1
tx_list_211.gif,https://www.dropbox.com/s/woeivi90m1s8slg/tx_list_211.gif?dl=1
blockchain_sethead_test_55.gif,https://www.dropbox.com/s/ydhcnxjbafrw99k/blockchain_sethead_test_55.gif?dl=1
worker_447.gif,https://www.dropbox.com/s/jgog0lqacyxex5x/worker_447.gif?dl=1
discv5tests_303.gif,https://www.dropbox.com/s/nblwubzbjh3d05h/discv5tests_303.gif?dl=1
bridge_101.gif,https://www.dropbox.com/s/db3htbhp2v71jvt/bridge_101.gif?dl=1
typecache_74.gif,https://www.dropbox.com/s/va9qg2wdwy4ouum/typecache_74.gif?dl=1
chain_test_125.gif,https://www.dropbox.com/s/eb58tqf153ot44p/chain_test_125.gif?dl=1
enr_197.gif,https://www.dropbox.com/s/wxw6e2gevknqjoq/enr_197.gif?dl=1
dbcmd_191.gif,https://www.dropbox.com/s/qfi87988ynnjeq7/dbcmd_191.gif?dl=1
filter_system_150.gif,https://www.dropbox.com/s/cig7t2j24mbusqb/filter_system_150.gif?dl=1
rules_test_427.gif,https://www.dropbox.com/s/76r3s86ennpuw6p/rules_test_427.gif?dl=1
server_197.gif,https://www.dropbox.com/s/imew79aju2qf0pu/server_197.gif?dl=1
fp2_66.gif,https://www.dropbox.com/s/plpqw1z59xbuq2u/fp2_66.gif?dl=1
archive_149.gif,https://www.dropbox.com/s/bb93h5qlaery6ay/archive_149.gif?dl=1
block_test_234.gif,https://www.dropbox.com/s/rcf94k28cevyhrl/block_test_234.gif?dl=1
debug_test_9.gif,https://www.dropbox.com/s/yp1ib03xi6rfgz4/debug_test_9.gif?dl=1
weighted_select_test_28.gif,https://www.dropbox.com/s/zng8n5zu003ndjg/weighted_select_test_28.gif?dl=1
console_test_188.gif,https://www.dropbox.com/s/icriqwn5jtayzjv/console_test_188.gif?dl=1
msgrate_369.gif,https://www.dropbox.com/s/k3zmbue2pfj4e9w/msgrate_369.gif?dl=1
gfp6_20.gif,https://www.dropbox.com/s/g5cv2clgmet0zxw/gfp6_20.gif?dl=1
histogram_170.gif,https://www.dropbox.com/s/5gxcxongt8c0zuw/histogram_170.gif?dl=1
eips_38.gif,https://www.dropbox.com/s/jt4t8qj429ngas3/eips_38.gif?dl=1
g2_test_178.gif,https://www.dropbox.com/s/tfdyrywn0oddp6b/g2_test_178.gif?dl=1
4byte_146976.gif,https://www.dropbox.com/s/msztfzxvysxkarp/4byte_146976.gif?dl=1
v5_udp_299.gif,https://www.dropbox.com/s/8vgpelu18xsipds/v5_udp_299.gif?dl=1
trie_test_258.gif,https://www.dropbox.com/s/0z4wv07swkqi74g/trie_test_258.gif?dl=1
bn256_374.gif,https://www.dropbox.com/s/jqxhff3nnsv04p8/bn256_374.gif?dl=1
timer_test_46.gif,https://www.dropbox.com/s/79wprxwzuti53g6/timer_test_46.gif?dl=1
fdlimit_bsd_29.gif,https://www.dropbox.com/s/8sz36gh4nqoe3cy/fdlimit_bsd_29.gif?dl=1
encode_test_461.gif,https://www.dropbox.com/s/y6i1tanvtncfci3/encode_test_461.gif?dl=1
simclock_test_26.gif,https://www.dropbox.com/s/yqssoss9u04j69k/simclock_test_26.gif?dl=1
customflags_148.gif,https://www.dropbox.com/s/2tdcqdo3r30d71q/customflags_148.gif?dl=1
gen_header_json_58.gif,https://www.dropbox.com/s/ya2om45l47tz6lz/gen_header_json_58.gif?dl=1
exp_97.gif,https://www.dropbox.com/s/muk9x5izdt7s4wj/exp_97.gif?dl=1
types_72.gif,https://www.dropbox.com/s/b58iwed5rxs4uau/types_72.gif?dl=1
rlpx_299.gif,https://www.dropbox.com/s/lclkefpyuyoi695/rlpx_299.gif?dl=1
accessors_chain_168.gif,https://www.dropbox.com/s/u27rdrjo698x39l/accessors_chain_168.gif?dl=1
sample_test_151.gif,https://www.dropbox.com/s/cczsokx4u9wj45d/sample_test_151.gif?dl=1
graphql_409.gif,https://www.dropbox.com/s/9c63vrpy6gbwzsu/graphql_409.gif?dl=1
metrics_37.gif,https://www.dropbox.com/s/opui8n45jqzwdmu/metrics_37.gif?dl=1
client_test_394.gif,https://www.dropbox.com/s/m717q4qce1wtedv/client_test_394.gif?dl=1
decode_1000.gif,https://www.dropbox.com/s/aec5hsxzlorfaj1/decode_1000.gif?dl=1
trie_fuzzer_121.gif,https://www.dropbox.com/s/7u3iaw31979kosy/trie_fuzzer_121.gif?dl=1
bn256_test_13.gif,https://www.dropbox.com/s/3ov7kihkcaxmrcg/bn256_test_13.gif?dl=1
decode_test_1053.gif,https://www.dropbox.com/s/au30eu3ysw0mvp2/decode_test_1053.gif?dl=1
ecies_test_236.gif,https://www.dropbox.com/s/qu0glrdffd077i5/ecies_test_236.gif?dl=1
messages-ethereum_602.gif,https://www.dropbox.com/s/gffvlirc78ho7l4/messages-ethereum_602.gif?dl=1
discv4cmd_121.gif,https://www.dropbox.com/s/6hh7ajnwqb66ljc/discv4cmd_121.gif?dl=1
handler_eth_test_591.gif,https://www.dropbox.com/s/ec4mey37son9i4m/handler_eth_test_591.gif?dl=1
test_114.gif,https://www.dropbox.com/s/i2297g2c1fd4rnn/test_114.gif?dl=1
ethash_494.gif,https://www.dropbox.com/s/k2i9jh929e2qu5l/ethash_494.gif?dl=1
registry_97.gif,https://www.dropbox.com/s/c40fl7075ld3dcg/registry_97.gif?dl=1
raw_test_62.gif,https://www.dropbox.com/s/616etky6hsboprj/raw_test_62.gif?dl=1
g2_30.gif,https://www.dropbox.com/s/tfj6dcgdpd8s9kc/g2_30.gif?dl=1
freezer_table_test_410.gif,https://www.dropbox.com/s/g9o55zxdyehcpk8/freezer_table_test_410.gif?dl=1
memorydb_125.gif,https://www.dropbox.com/s/vg9tah8l2wst4rg/memorydb_125.gif?dl=1
bindata_102.gif,https://www.dropbox.com/s/wzvkaq7tclddsub/bindata_102.gif?dl=1
node_test_25.gif,https://www.dropbox.com/s/qbaxcpp2lgisjcw/node_test_25.gif?dl=1
odr_78.gif,https://www.dropbox.com/s/yollnwc10yg6flt/odr_78.gif?dl=1
bn256_fuzz_54.gif,https://www.dropbox.com/s/45cj0wwh5rx6uj6/bn256_fuzz_54.gif?dl=1
fdlimit_darwin_26.gif,https://www.dropbox.com/s/n7dzip2f54xxwu8/fdlimit_darwin_26.gif?dl=1
handler_146.gif,https://www.dropbox.com/s/2m32zx3kogqvmn3/handler_146.gif?dl=1
bitutil_107.gif,https://www.dropbox.com/s/p2diq38l5tpdiot/bitutil_107.gif?dl=1
timer_81.gif,https://www.dropbox.com/s/rfvwj99x43wlgck/timer_81.gif?dl=1
table_167.gif,https://www.dropbox.com/s/7bv3aq21szr8jlf/table_167.gif?dl=1
geth_87.gif,https://www.dropbox.com/s/nayg1jjdraiprro/geth_87.gif?dl=1
prque_test_53.gif,https://www.dropbox.com/s/7aj64h63r62bg2u/prque_test_53.gif?dl=1
dbcmd_379.gif,https://www.dropbox.com/s/breje8fvdjx7dsg/dbcmd_379.gif?dl=1
downloader_test_212.gif,https://www.dropbox.com/s/i3r2ygxx8u5gbrq/downloader_test_212.gif?dl=1
proof_test_749.gif,https://www.dropbox.com/s/u4d3xk5ih04n6td/proof_test_749.gif?dl=1
chaincmd_217.gif,https://www.dropbox.com/s/xkmknx4zdkirg1t/chaincmd_217.gif?dl=1
fp12_205.gif,https://www.dropbox.com/s/mgtgqm5k5w2863l/fp12_205.gif?dl=1
meter_227.gif,https://www.dropbox.com/s/uooi04q8u8b6lma/meter_227.gif?dl=1
forkid_200.gif,https://www.dropbox.com/s/xhwxemo4q539uyb/forkid_200.gif?dl=1
peer_test_42.gif,https://www.dropbox.com/s/xts45ot7vssa5pz/peer_test_42.gif?dl=1
histogram_98.gif,https://www.dropbox.com/s/7kkirbkijzcoldv/histogram_98.gif?dl=1
gen_log_json_15.gif,https://www.dropbox.com/s/bda834yypps9dcm/gen_log_json_15.gif?dl=1
hashing_test_172.gif,https://www.dropbox.com/s/a25ziujusk05jsp/hashing_test_172.gif?dl=1
http_test_424.gif,https://www.dropbox.com/s/exlbbi9sl0qezfm/http_test_424.gif?dl=1
queueiterator_test_28.gif,https://www.dropbox.com/s/lq6hkov5tl2dzpb/queueiterator_test_28.gif?dl=1
nodedb_441.gif,https://www.dropbox.com/s/ewn1uh1xm3ddi6n/nodedb_441.gif?dl=1
timer_test_9.gif,https://www.dropbox.com/s/4kqmyx6zviktgdy/timer_test_9.gif?dl=1
v4_udp_test_595.gif,https://www.dropbox.com/s/hihw3e2i18ldprc/v4_udp_test_595.gif?dl=1
control_72.gif,https://www.dropbox.com/s/3kz7395n43dsc5q/control_72.gif?dl=1
tx_journal_39.gif,https://www.dropbox.com/s/85b1ecap8bav9nx/tx_journal_39.gif?dl=1
