0009.gif,https://www.dropbox.com/s/lcgpam02ozzr0r4/0009.gif?dl=1
0008.gif,https://www.dropbox.com/s/jjy4i0bcglsjlyw/0008.gif?dl=1
0006.gif,https://www.dropbox.com/s/4l8o6dbw40hwrro/0006.gif?dl=1
0007.gif,https://www.dropbox.com/s/sbmb3e6gjbt2x3k/0007.gif?dl=1
0005.gif,https://www.dropbox.com/s/ga4r8ke58ywg67w/0005.gif?dl=1
0010.gif,https://www.dropbox.com/s/f19ruaq9jad8sz4/0010.gif?dl=1
0004.gif,https://www.dropbox.com/s/4icwkqfk2aiu3uk/0004.gif?dl=1
0001.gif,https://www.dropbox.com/s/1ft83l030ynwvve/0001.gif?dl=1
0003.gif,https://www.dropbox.com/s/ttbo29dlpocx3u9/0003.gif?dl=1
0002.gif,https://www.dropbox.com/s/df7av7vvkf9bvvt/0002.gif?dl=1
0018.gif,https://www.dropbox.com/s/ow9d0o5fdtm5xos/0018.gif?dl=1
0019.gif,https://www.dropbox.com/s/u47ciwvjykfvyfh/0019.gif?dl=1
0020.gif,https://www.dropbox.com/s/xjpt5c6470qoail/0020.gif?dl=1
0012.gif,https://www.dropbox.com/s/2sk2uooz8ah1s9u/0012.gif?dl=1
0013.gif,https://www.dropbox.com/s/1gm148wzibu1utd/0013.gif?dl=1
0011.gif,https://www.dropbox.com/s/w0oy59vp3hb4oqv/0011.gif?dl=1
0014.gif,https://www.dropbox.com/s/83fze6shokgnojn/0014.gif?dl=1
0015.gif,https://www.dropbox.com/s/eg4o3f2n4i815jk/0015.gif?dl=1
0017.gif,https://www.dropbox.com/s/x51lg13rttm4jm7/0017.gif?dl=1
0016.gif,https://www.dropbox.com/s/6jj4rc86ftsaebk/0016.gif?dl=1
