0033.gif,https://www.dropbox.com/s/39ph1up7dzs6hxz/0033.gif?dl=1
0027.gif,https://www.dropbox.com/s/5tgoeofu7mdixhj/0027.gif?dl=1
0147.gif,https://www.dropbox.com/s/7c8tzizijr8opl9/0147.gif?dl=1
0153.gif,https://www.dropbox.com/s/rzqoppa946a5wdx/0153.gif?dl=1
0184.gif,https://www.dropbox.com/s/z31zpg4b0s1gqvs/0184.gif?dl=1
0190.gif,https://www.dropbox.com/s/486n3v2xw6mhln8/0190.gif?dl=1
0191.gif,https://www.dropbox.com/s/s1kfwhmubl531dm/0191.gif?dl=1
0185.gif,https://www.dropbox.com/s/vkv93by8ra66orh/0185.gif?dl=1
0152.gif,https://www.dropbox.com/s/0fgkwdzjbrhlo6f/0152.gif?dl=1
0146.gif,https://www.dropbox.com/s/zml8iu04k0who9w/0146.gif?dl=1
0026.gif,https://www.dropbox.com/s/uh6yn1jbrd90zzn/0026.gif?dl=1
0032.gif,https://www.dropbox.com/s/5vfjp7aeww25dj3/0032.gif?dl=1
0024.gif,https://www.dropbox.com/s/1ohzd1xwmmhr9ek/0024.gif?dl=1
0030.gif,https://www.dropbox.com/s/816rc61zi0d9qk9/0030.gif?dl=1
0018.gif,https://www.dropbox.com/s/k8tlgr3w0umoui1/0018.gif?dl=1
0150.gif,https://www.dropbox.com/s/mfim2kqf8u2iph2/0150.gif?dl=1
0144.gif,https://www.dropbox.com/s/tifokqcl5bndpxg/0144.gif?dl=1
0178.gif,https://www.dropbox.com/s/oow5r69o6xptpvd/0178.gif?dl=1
0193.gif,https://www.dropbox.com/s/1p70j3f6vw1tlto/0193.gif?dl=1
0187.gif,https://www.dropbox.com/s/36ksvbduhf7nphp/0187.gif?dl=1
0186.gif,https://www.dropbox.com/s/9oy51rnjtw1d0vw/0186.gif?dl=1
0192.gif,https://www.dropbox.com/s/sjflehlo3mc8zzs/0192.gif?dl=1
0179.gif,https://www.dropbox.com/s/78546dgf1qfvhu8/0179.gif?dl=1
0145.gif,https://www.dropbox.com/s/vcf5k3hg4wu7hns/0145.gif?dl=1
0151.gif,https://www.dropbox.com/s/n6f88u4ovn74132/0151.gif?dl=1
0019.gif,https://www.dropbox.com/s/y8tcv7unobp0v0l/0019.gif?dl=1
0031.gif,https://www.dropbox.com/s/escn4ilg5mc9o1o/0031.gif?dl=1
0025.gif,https://www.dropbox.com/s/mkxzth38p130phw/0025.gif?dl=1
0009.gif,https://www.dropbox.com/s/qtomh2nm9qz2cv8/0009.gif?dl=1
0021.gif,https://www.dropbox.com/s/izoayj2nxqaor9k/0021.gif?dl=1
0035.gif,https://www.dropbox.com/s/s7r0zd6stadl6gk/0035.gif?dl=1
0169.gif,https://www.dropbox.com/s/tgo7r1t7hkghhjs/0169.gif?dl=1
0155.gif,https://www.dropbox.com/s/ln6q9ohveng5lew/0155.gif?dl=1
0141.gif,https://www.dropbox.com/s/96cddnwtl93kjhn/0141.gif?dl=1
0196.gif,https://www.dropbox.com/s/ta6mczbjsrjz7ww/0196.gif?dl=1
0182.gif,https://www.dropbox.com/s/wx20py2h2xf5m03/0182.gif?dl=1
0183.gif,https://www.dropbox.com/s/1jz04iyj9pikofg/0183.gif?dl=1
0197.gif,https://www.dropbox.com/s/6j49bvyoif78phk/0197.gif?dl=1
0140.gif,https://www.dropbox.com/s/7g1ez5awz7z3vy9/0140.gif?dl=1
0154.gif,https://www.dropbox.com/s/4g5vti1k14js3pb/0154.gif?dl=1
0168.gif,https://www.dropbox.com/s/nte0s94do8ox8cp/0168.gif?dl=1
0034.gif,https://www.dropbox.com/s/d26y5bun74rik7e/0034.gif?dl=1
0020.gif,https://www.dropbox.com/s/w1df42wg1aa9dzr/0020.gif?dl=1
0008.gif,https://www.dropbox.com/s/9v2po4mb4gtvgkn/0008.gif?dl=1
0036.gif,https://www.dropbox.com/s/n8o9x1dnhogbupe/0036.gif?dl=1
0022.gif,https://www.dropbox.com/s/iwguachwta6v9df/0022.gif?dl=1
0142.gif,https://www.dropbox.com/s/njepejfxi0ljp31/0142.gif?dl=1
0156.gif,https://www.dropbox.com/s/hwuy949p643st7y/0156.gif?dl=1
0181.gif,https://www.dropbox.com/s/bizcugczlcsjx8i/0181.gif?dl=1
0195.gif,https://www.dropbox.com/s/nc9upzh33bmy30h/0195.gif?dl=1
0194.gif,https://www.dropbox.com/s/zstq7gabjpk9dan/0194.gif?dl=1
0180.gif,https://www.dropbox.com/s/m8m0yi52ci80zxn/0180.gif?dl=1
0157.gif,https://www.dropbox.com/s/tqlpl49lgphq3zj/0157.gif?dl=1
0143.gif,https://www.dropbox.com/s/knpjqz5yw9sd22e/0143.gif?dl=1
0023.gif,https://www.dropbox.com/s/ca3a5ij17zap0pi/0023.gif?dl=1
0037.gif,https://www.dropbox.com/s/lseo3uflj4rl862/0037.gif?dl=1
0050.gif,https://www.dropbox.com/s/5u59e9dy5s9ke2d/0050.gif?dl=1
0044.gif,https://www.dropbox.com/s/ffhoknsi2jqo2a6/0044.gif?dl=1
0078.gif,https://www.dropbox.com/s/uvn92sfs16sl4dk/0078.gif?dl=1
0093.gif,https://www.dropbox.com/s/haf5ns6k6ud8k2p/0093.gif?dl=1
0087.gif,https://www.dropbox.com/s/ncs44kpxge17mtu/0087.gif?dl=1
0124.gif,https://www.dropbox.com/s/x2rp1sieuyn2laj/0124.gif?dl=1
0130.gif,https://www.dropbox.com/s/fk08rp29z1fq1dq/0130.gif?dl=1
0118.gif,https://www.dropbox.com/s/4u3syeveg2pugmp/0118.gif?dl=1
0119.gif,https://www.dropbox.com/s/qv8982cjzr1fv9c/0119.gif?dl=1
0131.gif,https://www.dropbox.com/s/13k48vwd8a4aaps/0131.gif?dl=1
0125.gif,https://www.dropbox.com/s/9y1mtzu23k8oj8a/0125.gif?dl=1
0086.gif,https://www.dropbox.com/s/q8b4hqbny6nh5o1/0086.gif?dl=1
0092.gif,https://www.dropbox.com/s/uglwlextjsf2m3w/0092.gif?dl=1
0079.gif,https://www.dropbox.com/s/s1qvvjvxvq31pm3/0079.gif?dl=1
0045.gif,https://www.dropbox.com/s/fgirwlbfchebktt/0045.gif?dl=1
0051.gif,https://www.dropbox.com/s/fkvi8tbjzki23ho/0051.gif?dl=1
0047.gif,https://www.dropbox.com/s/31xvbwohzt7nj1s/0047.gif?dl=1
0053.gif,https://www.dropbox.com/s/doln2p8vzo4ftm6/0053.gif?dl=1
0084.gif,https://www.dropbox.com/s/pgtb92nf564un4j/0084.gif?dl=1
0090.gif,https://www.dropbox.com/s/4rf1xmveh3bq1dw/0090.gif?dl=1
0133.gif,https://www.dropbox.com/s/6vg9ctmronllkv2/0133.gif?dl=1
0127.gif,https://www.dropbox.com/s/b42z1yoojr11mex/0127.gif?dl=1
0126.gif,https://www.dropbox.com/s/c69lvvya1rw1gx3/0126.gif?dl=1
0132.gif,https://www.dropbox.com/s/bc0lo0xml0fc2g4/0132.gif?dl=1
0091.gif,https://www.dropbox.com/s/d5aanortb2ycbwk/0091.gif?dl=1
0085.gif,https://www.dropbox.com/s/plqqw63pc163gcw/0085.gif?dl=1
0052.gif,https://www.dropbox.com/s/0sdm1cpf5st8umo/0052.gif?dl=1
0046.gif,https://www.dropbox.com/s/gdi4jtux8hmwx9n/0046.gif?dl=1
0042.gif,https://www.dropbox.com/s/8bs5a68gpbovfu2/0042.gif?dl=1
0056.gif,https://www.dropbox.com/s/th4ex4td21vzmpe/0056.gif?dl=1
0081.gif,https://www.dropbox.com/s/fija101l18z6zbe/0081.gif?dl=1
0095.gif,https://www.dropbox.com/s/lw8ogr776bcvo47/0095.gif?dl=1
0136.gif,https://www.dropbox.com/s/c8lzb964ku78bo7/0136.gif?dl=1
0122.gif,https://www.dropbox.com/s/hm25yeqx235m36u/0122.gif?dl=1
0123.gif,https://www.dropbox.com/s/k5badg3r8dv2xcx/0123.gif?dl=1
0137.gif,https://www.dropbox.com/s/n1ad97eoqnnyazn/0137.gif?dl=1
0094.gif,https://www.dropbox.com/s/xn7ol8tjbokb4pj/0094.gif?dl=1
0080.gif,https://www.dropbox.com/s/3eef3gq7gulndq1/0080.gif?dl=1
0057.gif,https://www.dropbox.com/s/7b0etbqzsc50kdu/0057.gif?dl=1
0043.gif,https://www.dropbox.com/s/4wvzlkcuexw40j7/0043.gif?dl=1
0069.gif,https://www.dropbox.com/s/iwy3nharkwk0x8l/0069.gif?dl=1
0055.gif,https://www.dropbox.com/s/bk8tzo69oru5cdt/0055.gif?dl=1
0041.gif,https://www.dropbox.com/s/8ornjtriwxxjy5y/0041.gif?dl=1
0096.gif,https://www.dropbox.com/s/6s4jwvq2gq13lw1/0096.gif?dl=1
0082.gif,https://www.dropbox.com/s/zc1y82p9ba8182a/0082.gif?dl=1
0109.gif,https://www.dropbox.com/s/skncf34ddj30czz/0109.gif?dl=1
0121.gif,https://www.dropbox.com/s/0khvfeslp47czmf/0121.gif?dl=1
0135.gif,https://www.dropbox.com/s/dr1x3odesftq3x5/0135.gif?dl=1
0134.gif,https://www.dropbox.com/s/ulne30n0cdg2ng6/0134.gif?dl=1
0120.gif,https://www.dropbox.com/s/7xdywwglquko370/0120.gif?dl=1
0108.gif,https://www.dropbox.com/s/0npckhft00i7cms/0108.gif?dl=1
0083.gif,https://www.dropbox.com/s/hhjt3290cqcyt7r/0083.gif?dl=1
0097.gif,https://www.dropbox.com/s/yfmapzywme6rjcs/0097.gif?dl=1
0040.gif,https://www.dropbox.com/s/tgnywfq0rxdpifw/0040.gif?dl=1
0054.gif,https://www.dropbox.com/s/ybp4yf46wcikjdf/0054.gif?dl=1
0068.gif,https://www.dropbox.com/s/jkpawc1vt3p2h25/0068.gif?dl=1
0071.gif,https://www.dropbox.com/s/fsoilg4l7a2h05s/0071.gif?dl=1
0065.gif,https://www.dropbox.com/s/az5jo06wh7tk8oi/0065.gif?dl=1
0059.gif,https://www.dropbox.com/s/axs59wzln7ozell/0059.gif?dl=1
0105.gif,https://www.dropbox.com/s/a92md9b2mmb92ca/0105.gif?dl=1
0111.gif,https://www.dropbox.com/s/w9q7nlwget0vx6t/0111.gif?dl=1
0139.gif,https://www.dropbox.com/s/4hr0qgshnh46ucb/0139.gif?dl=1
0138.gif,https://www.dropbox.com/s/c6ut8vtc186d1kk/0138.gif?dl=1
0110.gif,https://www.dropbox.com/s/8kiuloo6iulvthl/0110.gif?dl=1
0104.gif,https://www.dropbox.com/s/tyl6tq9j9bvo7qe/0104.gif?dl=1
0058.gif,https://www.dropbox.com/s/hskcixxbe2v8pw0/0058.gif?dl=1
0064.gif,https://www.dropbox.com/s/0ju6fykad7ovray/0064.gif?dl=1
0070.gif,https://www.dropbox.com/s/oklpizosa88qmmt/0070.gif?dl=1
0066.gif,https://www.dropbox.com/s/onzt1euiuxesfgd/0066.gif?dl=1
0072.gif,https://www.dropbox.com/s/jy4qd2x9j4hw2lb/0072.gif?dl=1
0099.gif,https://www.dropbox.com/s/ezro27ubqj0tuw0/0099.gif?dl=1
0112.gif,https://www.dropbox.com/s/17altpc9idcid3h/0112.gif?dl=1
0106.gif,https://www.dropbox.com/s/fbm4r97ly3j74gg/0106.gif?dl=1
0107.gif,https://www.dropbox.com/s/xsjhvx79nqqeozi/0107.gif?dl=1
0113.gif,https://www.dropbox.com/s/q49gz8cr0p60ewp/0113.gif?dl=1
0098.gif,https://www.dropbox.com/s/17y7xz6gf2smcya/0098.gif?dl=1
0073.gif,https://www.dropbox.com/s/qt5903pthgog55r/0073.gif?dl=1
0067.gif,https://www.dropbox.com/s/s1w9kpjf3997tja/0067.gif?dl=1
0063.gif,https://www.dropbox.com/s/u8df9wdvl2p00ic/0063.gif?dl=1
0077.gif,https://www.dropbox.com/s/yfh14ch5khwzjjk/0077.gif?dl=1
0088.gif,https://www.dropbox.com/s/hnt4keou57lod7u/0088.gif?dl=1
0117.gif,https://www.dropbox.com/s/s6yfdkj3eqcyxm4/0117.gif?dl=1
0103.gif,https://www.dropbox.com/s/536bnimd05aie89/0103.gif?dl=1
0102.gif,https://www.dropbox.com/s/hmp89jccva3rhmr/0102.gif?dl=1
0116.gif,https://www.dropbox.com/s/odd3vr9oa7urds3/0116.gif?dl=1
0089.gif,https://www.dropbox.com/s/e1rnbpqc1r589fz/0089.gif?dl=1
0076.gif,https://www.dropbox.com/s/wvnvy7y3axjtu6f/0076.gif?dl=1
0062.gif,https://www.dropbox.com/s/wtopivvmb7sx251/0062.gif?dl=1
0048.gif,https://www.dropbox.com/s/fdwobpd0x2qm014/0048.gif?dl=1
0074.gif,https://www.dropbox.com/s/l6ccw0p4odpnknx/0074.gif?dl=1
0060.gif,https://www.dropbox.com/s/zzjjwoysfsmxl1j/0060.gif?dl=1
0128.gif,https://www.dropbox.com/s/jtmccn3trce4og7/0128.gif?dl=1
0100.gif,https://www.dropbox.com/s/7f3uyks386ku4v3/0100.gif?dl=1
0114.gif,https://www.dropbox.com/s/255cahirn34r8u8/0114.gif?dl=1
0115.gif,https://www.dropbox.com/s/4uzvp8p1hxxgkvs/0115.gif?dl=1
0101.gif,https://www.dropbox.com/s/th8bovvgc6v3yye/0101.gif?dl=1
0129.gif,https://www.dropbox.com/s/bat0sci87cp8me0/0129.gif?dl=1
0061.gif,https://www.dropbox.com/s/qhosf0odiuf36mv/0061.gif?dl=1
0075.gif,https://www.dropbox.com/s/5k03w6bg92p0ekt/0075.gif?dl=1
0049.gif,https://www.dropbox.com/s/29if12uzrrgwjg7/0049.gif?dl=1
0012.gif,https://www.dropbox.com/s/164qmxbkp9k19h8/0012.gif?dl=1
0006.gif,https://www.dropbox.com/s/6a9w07luitwg0gi/0006.gif?dl=1
0166.gif,https://www.dropbox.com/s/h110xitftjsamop/0166.gif?dl=1
0172.gif,https://www.dropbox.com/s/th9cu06a2w94beh/0172.gif?dl=1
0199.gif,https://www.dropbox.com/s/qvn7no02pweu31s/0199.gif?dl=1
0198.gif,https://www.dropbox.com/s/8jwhh79r2ekmxv1/0198.gif?dl=1
0173.gif,https://www.dropbox.com/s/gxd7t5ojyusadw0/0173.gif?dl=1
0167.gif,https://www.dropbox.com/s/isv22rq0zrmxxta/0167.gif?dl=1
0007.gif,https://www.dropbox.com/s/4mvzf0jwps0kqnf/0007.gif?dl=1
0013.gif,https://www.dropbox.com/s/sa28cx4f0tqd00x/0013.gif?dl=1
0005.gif,https://www.dropbox.com/s/uqh7jdp3budv01i/0005.gif?dl=1
0011.gif,https://www.dropbox.com/s/pucq1ricg6r8hzr/0011.gif?dl=1
0039.gif,https://www.dropbox.com/s/gzwpy42qv9wsim7/0039.gif?dl=1
0171.gif,https://www.dropbox.com/s/xhap27vqef8yiki/0171.gif?dl=1
0165.gif,https://www.dropbox.com/s/y6sybppvkqh5lz3/0165.gif?dl=1
0159.gif,https://www.dropbox.com/s/dwmj9i1i6do14vf/0159.gif?dl=1
0158.gif,https://www.dropbox.com/s/z3vy0firg8w2mt0/0158.gif?dl=1
0164.gif,https://www.dropbox.com/s/wb884ncljhvmghr/0164.gif?dl=1
0170.gif,https://www.dropbox.com/s/fwqt0su9c32ox5g/0170.gif?dl=1
0038.gif,https://www.dropbox.com/s/b2emr4yl3q734zl/0038.gif?dl=1
0010.gif,https://www.dropbox.com/s/30kcvoxyi5b26rf/0010.gif?dl=1
0004.gif,https://www.dropbox.com/s/thi0qa1epjo83ts/0004.gif?dl=1
0028.gif,https://www.dropbox.com/s/8ht1w9pz33qjydz/0028.gif?dl=1
0014.gif,https://www.dropbox.com/s/c4eu62ha8684rz5/0014.gif?dl=1
0148.gif,https://www.dropbox.com/s/mf595hof0wpzt5h/0148.gif?dl=1
0174.gif,https://www.dropbox.com/s/m4lqkx6vzqwv3y9/0174.gif?dl=1
0160.gif,https://www.dropbox.com/s/j4a913x5jq8w58y/0160.gif?dl=1
0161.gif,https://www.dropbox.com/s/cn4rsh7w2so5dbz/0161.gif?dl=1
0175.gif,https://www.dropbox.com/s/zmsumpe1y5ol6vd/0175.gif?dl=1
0149.gif,https://www.dropbox.com/s/v84efrfvayecm3h/0149.gif?dl=1
0015.gif,https://www.dropbox.com/s/h5q9t9mjpatamu7/0015.gif?dl=1
0001.gif,https://www.dropbox.com/s/9eh90ba671damsu/0001.gif?dl=1
0029.gif,https://www.dropbox.com/s/0ddnwbm5m6tpwus/0029.gif?dl=1
0017.gif,https://www.dropbox.com/s/gatbmfp3tfle5o6/0017.gif?dl=1
0003.gif,https://www.dropbox.com/s/o72owh8jr2kx8n2/0003.gif?dl=1
0163.gif,https://www.dropbox.com/s/bf6l1gmzw0cb7i7/0163.gif?dl=1
0177.gif,https://www.dropbox.com/s/sem91ym4iy6dmj2/0177.gif?dl=1
0188.gif,https://www.dropbox.com/s/ka0cbmak2un1kcg/0188.gif?dl=1
0189.gif,https://www.dropbox.com/s/h7k0fb8f6gt38ww/0189.gif?dl=1
0176.gif,https://www.dropbox.com/s/0n64gmvm0820n84/0176.gif?dl=1
0162.gif,https://www.dropbox.com/s/c77aspeo837o0cu/0162.gif?dl=1
0002.gif,https://www.dropbox.com/s/ewbuv9nhmkwfy1k/0002.gif?dl=1
0016.gif,https://www.dropbox.com/s/bbe3tkvet6bbl5h/0016.gif?dl=1
0200.gif,https://www.dropbox.com/s/jz59te4cmcofkl9/0200.gif?dl=1
