0018.gif,https://www.dropbox.com/s/iexcr99dkms0pvy/0018.gif?dl=1
0019.gif,https://www.dropbox.com/s/m33bcmvmu6jpfgk/0019.gif?dl=1
0009.gif,https://www.dropbox.com/s/m8ywcopl8h3wgv5/0009.gif?dl=1
0020.gif,https://www.dropbox.com/s/zv4n0pps8i6re5i/0020.gif?dl=1
0008.gif,https://www.dropbox.com/s/bxtlmg8f4qvvl75/0008.gif?dl=1
0012.gif,https://www.dropbox.com/s/txt8u91ho0s4bht/0012.gif?dl=1
0006.gif,https://www.dropbox.com/s/7ekpa8n0yl2ciu0/0006.gif?dl=1
0007.gif,https://www.dropbox.com/s/ldathzdp4h4nzng/0007.gif?dl=1
0013.gif,https://www.dropbox.com/s/so35hamvb6caait/0013.gif?dl=1
0005.gif,https://www.dropbox.com/s/ip7hxk4pt7ndjdn/0005.gif?dl=1
0011.gif,https://www.dropbox.com/s/w72dnee0mhqam8g/0011.gif?dl=1
0010.gif,https://www.dropbox.com/s/5dkko1hlmfn3790/0010.gif?dl=1
0004.gif,https://www.dropbox.com/s/b2wsvdswbbts6ot/0004.gif?dl=1
0014.gif,https://www.dropbox.com/s/hillqhkopzw4qqw/0014.gif?dl=1
0015.gif,https://www.dropbox.com/s/poje4z43yfk069r/0015.gif?dl=1
0001.gif,https://www.dropbox.com/s/t8ytkf2odd1i4mw/0001.gif?dl=1
0017.gif,https://www.dropbox.com/s/74zc7f02rywt2la/0017.gif?dl=1
0003.gif,https://www.dropbox.com/s/kmj4lye8a4oahlx/0003.gif?dl=1
0002.gif,https://www.dropbox.com/s/3vld8f6ujnixr0i/0002.gif?dl=1
0016.gif,https://www.dropbox.com/s/hq5ev8j84f6ywuy/0016.gif?dl=1
